{"stats":{"minecraft:custom":{"minecraft:mob_kills":61,"minecraft:interact_with_crafting_table":52,"minecraft:leave_game":9,"minecraft:time_since_death":56624,"minecraft:sprint_one_cm":569507,"minecraft:walk_one_cm":892281,"minecraft:damage_blocked_by_shield":2095,"minecraft:drop":103,"minecraft:play_time":290037,"minecraft:deaths":3,"minecraft:sneak_time":44260,"minecraft:walk_under_water_one_cm":20446,"minecraft:jump":3685,"minecraft:walk_on_water_one_cm":24561,"minecraft:total_world_time":290037,"minecraft:interact_with_furnace":60,"minecraft:interact_with_stonecutter":1,"minecraft:sleep_in_bed":9,"minecraft:time_since_rest":27823,"minecraft:damage_taken":2996,"minecraft:damage_absorbed":60,"minecraft:damage_dealt":7208,"minecraft:swim_one_cm":77905,"minecraft:fly_one_cm":696315,"minecraft:open_chest":151,"minecraft:crouch_one_cm":148397,"minecraft:fall_one_cm":91011,"minecraft:horse_one_cm":797795},"minecraft:killed_by":{"minecraft:player":1,"minecraft:skeleton":1,"minecraft:zombie":1},"minecraft:broken":{"minecraft:stone_pickaxe":2,"minecraft:iron_axe":1,"minecraft:stone_axe":11,"minecraft:stone_shovel":2},"minecraft:dropped":{"minecraft:enchanted_book":1,"minecraft:iron_ingot":2,"minecraft:wheat_seeds":14,"minecraft:cooked_beef":3,"minecraft:oak_log":284,"minecraft:crafting_table":2,"minecraft:dark_oak_sapling":2,"minecraft:cooked_porkchop":3,"minecraft:feather":4,"minecraft:cobblestone":84,"minecraft:book":1,"minecraft:coal":16,"minecraft:stick":98,"minecraft:oxeye_daisy":1,"minecraft:dirt":14,"minecraft:dark_oak_log":65,"minecraft:cornflower":4,"minecraft:mutton":1,"minecraft:sunflower":55,"minecraft:stonecutter":1,"minecraft:iron_pickaxe":1,"minecraft:pink_petals":2,"minecraft:string":2,"minecraft:bucket":1,"minecraft:birch_log":193,"minecraft:white_wool":2,"minecraft:gold_ingot":4,"minecraft:bone":3,"minecraft:dandelion":21,"minecraft:redstone":23,"minecraft:gravel":1,"minecraft:stone_axe":12,"minecraft:cooked_chicken":1,"minecraft:cobbled_deepslate":11,"minecraft:stone_sword":1,"minecraft:raw_iron":9,"minecraft:chicken":6,"minecraft:rotten_flesh":11,"minecraft:oak_planks":62,"minecraft:azure_bluet":3,"minecraft:salmon":5,"minecraft:netherite_leggings":1,"minecraft:poppy":2,"minecraft:potato":2,"minecraft:hay_block":6,"minecraft:stone":64,"minecraft:oak_sapling":2,"minecraft:spruce_log":1,"minecraft:arrow":3,"minecraft:stone_pickaxe":1,"minecraft:bow":1,"minecraft:wooden_pickaxe":1,"minecraft:magma_block":10,"minecraft:nautilus_shell":1},"minecraft:mined":{"minecraft:dark_oak_planks":5,"minecraft:tuff":4,"minecraft:white_bed":2,"minecraft:mossy_cobblestone":3,"minecraft:dark_oak_leaves":58,"minecraft:deepslate_diamond_ore":3,"minecraft:sculk_vein":2,"minecraft:cherry_sapling":1,"minecraft:dark_oak_log":467,"minecraft:obsidian":6,"minecraft:glow_lichen":1,"minecraft:granite":2,"minecraft:grass_block":280,"minecraft:brown_mushroom_block":4,"minecraft:spruce_leaves":35,"minecraft:oxeye_daisy":1,"minecraft:spawner":1,"minecraft:large_fern":1,"minecraft:hay_block":6,"minecraft:magma_block":10,"minecraft:furnace":9,"minecraft:iron_ore":15,"minecraft:cobbled_deepslate":1,"minecraft:azure_bluet":3,"minecraft:enchanting_table":1,"minecraft:bookshelf":4,"minecraft:deepslate_iron_ore":29,"minecraft:oak_stairs":1,"minecraft:stone":373,"minecraft:deepslate_redstone_ore":5,"minecraft:birch_stairs":8,"minecraft:stripped_dark_oak_log":5,"minecraft:dandelion":21,"minecraft:crafting_table":14,"minecraft:cornflower":4,"minecraft:torch":5,"minecraft:emerald_ore":1,"minecraft:poppy":2,"minecraft:mushroom_stem":6,"minecraft:lightning_rod":1,"minecraft:cobblestone":26,"minecraft:copper_ore":1,"minecraft:tall_grass":28,"minecraft:deepslate_gold_ore":8,"minecraft:oak_planks":29,"minecraft:sugar_cane":23,"minecraft:sculk":22,"minecraft:diorite":19,"minecraft:wall_torch":4,"minecraft:pink_petals":1,"minecraft:seagrass":1,"minecraft:birch_planks":111,"minecraft:dark_oak_door":6,"minecraft:birch_log":420,"minecraft:spruce_log":37,"minecraft:birch_leaves":26,"minecraft:yellow_bed":6,"minecraft:grass":133,"minecraft:coal_ore":151,"minecraft:oak_log":694,"minecraft:dark_oak_sapling":1,"minecraft:sunflower":53,"minecraft:gravel":2,"minecraft:dirt":83,"minecraft:cracked_stone_bricks":1,"minecraft:stonecutter":1,"minecraft:oak_leaves":195,"minecraft:deepslate":52,"minecraft:fern":2},"minecraft:picked_up":{"minecraft:crafting_table":18,"minecraft:iron_chestplate":3,"minecraft:azure_bluet":3,"minecraft:chicken":16,"minecraft:oak_stairs":1,"minecraft:shield":2,"minecraft:cornflower":4,"minecraft:music_disc_cat":1,"minecraft:string":2,"minecraft:raw_copper":9,"minecraft:iron_axe":1,"minecraft:iron_leggings":1,"minecraft:cracked_stone_bricks":1,"minecraft:cobbled_deepslate":79,"minecraft:bucket":1,"minecraft:beef":30,"minecraft:poppy":2,"minecraft:iron_pickaxe":2,"minecraft:sugar_cane":54,"minecraft:birch_sapling":28,"minecraft:furnace":9,"minecraft:iron_boots":3,"minecraft:dark_oak_door":6,"minecraft:dark_oak_sapling":29,"minecraft:stick":186,"minecraft:raw_iron":58,"minecraft:stone":64,"minecraft:copper_ingot":43,"minecraft:torch":290,"minecraft:porkchop":5,"minecraft:lightning_rod":1,"minecraft:diorite":16,"minecraft:redstone":23,"minecraft:dark_oak_planks":105,"minecraft:stone_shovel":1,"minecraft:stone_sword":3,"minecraft:arrow":14,"minecraft:rotten_flesh":19,"minecraft:hay_block":12,"minecraft:saddle":3,"minecraft:gold_ingot":3,"minecraft:obsidian":12,"minecraft:mutton":2,"minecraft:white_wool":2,"minecraft:cobblestone":557,"minecraft:oxeye_daisy":1,"minecraft:nautilus_shell":2,"minecraft:birch_log":421,"minecraft:enchanting_table":1,"minecraft:pink_petals":2,"minecraft:magma_block":10,"minecraft:feather":25,"minecraft:cooked_beef":29,"minecraft:salmon":10,"minecraft:leather":29,"minecraft:potato":1,"minecraft:birch_planks":279,"minecraft:tuff":6,"minecraft:oak_log":992,"minecraft:yellow_bed":6,"minecraft:dirt":460,"minecraft:netherite_leggings":1,"minecraft:bone":17,"minecraft:apple":3,"minecraft:stonecutter":1,"minecraft:bow":3,"minecraft:wheat_seeds":16,"minecraft:raw_gold":16,"minecraft:stone_pickaxe":3,"minecraft:iron_ingot":11,"minecraft:cooked_chicken":4,"minecraft:oak_planks":290,"minecraft:book":13,"minecraft:cooked_porkchop":5,"minecraft:dandelion":21,"minecraft:lava_bucket":1,"minecraft:gravel":1,"minecraft:birch_stairs":16,"minecraft:spruce_sapling":3,"minecraft:white_bed":2,"minecraft:spruce_log":36,"minecraft:dark_oak_log":513,"minecraft:mossy_cobblestone":3,"minecraft:diamond":68,"minecraft:stone_axe":10,"minecraft:iron_helmet":1,"minecraft:cherry_sapling":1,"minecraft:golden_apple":2,"minecraft:bread":9,"minecraft:emerald":1,"minecraft:stripped_dark_oak_log":5,"minecraft:oak_sapling":50,"minecraft:coal":271,"minecraft:sunflower":61,"minecraft:diamond_pickaxe":2},"minecraft:crafted":{"minecraft:oak_planks":510,"minecraft:stone_shovel":3,"minecraft:cooked_chicken":7,"minecraft:lightning_rod":1,"minecraft:furnace":6,"minecraft:bone_meal":24,"minecraft:cooked_mutton":1,"minecraft:dark_oak_door":3,"minecraft:iron_boots":1,"minecraft:iron_axe":1,"minecraft:stone_pickaxe":5,"minecraft:chest":12,"minecraft:dark_oak_planks":116,"minecraft:wheat":54,"minecraft:cooked_beef":6,"minecraft:cooked_porkchop":5,"minecraft:crafting_table":5,"minecraft:enchanting_table":1,"minecraft:wooden_pickaxe":1,"minecraft:iron_helmet":1,"minecraft:copper_ingot":46,"minecraft:birch_planks":512,"minecraft:bucket":2,"minecraft:stone_axe":17,"minecraft:bread":18,"minecraft:air":0,"minecraft:iron_chestplate":1,"minecraft:diamond_pickaxe":1,"minecraft:shield":1,"minecraft:stick":120,"minecraft:iron_ingot":32,"minecraft:iron_pickaxe":1,"minecraft:oak_stairs":16,"minecraft:stone_sword":2,"minecraft:iron_leggings":1,"minecraft:torch":320,"minecraft:birch_stairs":20},"minecraft:killed":{"minecraft:spider":1,"minecraft:skeleton":7,"minecraft:chicken":10,"minecraft:drowned":1,"minecraft:pig":3,"minecraft:salmon":11,"minecraft:sheep":2,"minecraft:zombie":10,"minecraft:cow":15},"minecraft:used":{"minecraft:cherry_sapling":1,"minecraft:enchanting_table":1,"minecraft:stone_sword":132,"minecraft:stone_shovel":330,"minecraft:chest":12,"minecraft:shield":30,"minecraft:cooked_chicken":6,"minecraft:iron_chestplate":1,"minecraft:torch":504,"minecraft:dirt":248,"minecraft:tuff":2,"minecraft:dark_oak_planks":68,"minecraft:lava_bucket":4,"minecraft:iron_axe":253,"minecraft:oak_stairs":17,"minecraft:birch_sapling":14,"minecraft:iron_boots":1,"minecraft:oak_sapling":24,"minecraft:furnace":13,"minecraft:cooked_beef":8,"minecraft:cobbled_deepslate":41,"minecraft:dark_oak_sapling":25,"minecraft:cooked_mutton":1,"minecraft:water_bucket":12,"minecraft:diorite":16,"minecraft:birch_planks":529,"minecraft:stone_pickaxe":356,"minecraft:oak_planks":221,"minecraft:wooden_pickaxe":29,"minecraft:cracked_stone_bricks":1,"minecraft:golden_apple":2,"minecraft:mossy_cobblestone":3,"minecraft:stripped_dark_oak_log":1,"minecraft:crafting_table":17,"minecraft:white_bed":1,"minecraft:dark_oak_door":9,"minecraft:lightning_rod":2,"minecraft:diamond_pickaxe":166,"minecraft:apple":2,"minecraft:dark_oak_log":135,"minecraft:sunflower":6,"minecraft:bread":18,"minecraft:iron_pickaxe":224,"minecraft:spruce_sapling":3,"minecraft:stone_axe":1949,"minecraft:cobblestone":240,"minecraft:cooked_porkchop":7,"minecraft:bucket":17,"minecraft:birch_log":2,"minecraft:yellow_bed":6,"minecraft:bone_meal":24,"minecraft:birch_stairs":28}},"DataVersion":3463}