{"stats":{"minecraft:killed":{"minecraft:spider":1,"minecraft:cod":8,"minecraft:skeleton":8,"minecraft:chicken":10,"minecraft:drowned":2,"minecraft:pig":6,"minecraft:salmon":11,"minecraft:sheep":2,"minecraft:zombie":13,"minecraft:cow":20},"minecraft:mined":{"minecraft:dark_oak_planks":16,"minecraft:tuff":4,"minecraft:white_bed":2,"minecraft:oak_sapling":2,"minecraft:mossy_cobblestone":3,"minecraft:dark_oak_leaves":93,"minecraft:deepslate_diamond_ore":5,"minecraft:sculk_vein":2,"minecraft:cherry_sapling":1,"minecraft:dark_oak_log":578,"minecraft:obsidian":6,"minecraft:glow_lichen":1,"minecraft:granite":2,"minecraft:grass_block":402,"minecraft:brown_mushroom_block":4,"minecraft:spruce_leaves":40,"minecraft:oxeye_daisy":1,"minecraft:spawner":1,"minecraft:large_fern":1,"minecraft:hay_block":7,"minecraft:magma_block":10,"minecraft:furnace":9,"minecraft:fire":1,"minecraft:iron_ore":15,"minecraft:cobbled_deepslate":1,"minecraft:azure_bluet":3,"minecraft:enchanting_table":1,"minecraft:bookshelf":4,"minecraft:deepslate_iron_ore":29,"minecraft:oak_stairs":1,"minecraft:stone":414,"minecraft:deepslate_redstone_ore":5,"minecraft:birch_stairs":25,"minecraft:stripped_dark_oak_log":32,"minecraft:dandelion":22,"minecraft:crafting_table":15,"minecraft:cornflower":4,"minecraft:torch":9,"minecraft:emerald_ore":1,"minecraft:poppy":2,"minecraft:mushroom_stem":6,"minecraft:lightning_rod":1,"minecraft:cobblestone":33,"minecraft:copper_ore":1,"minecraft:tall_grass":31,"minecraft:deepslate_gold_ore":11,"minecraft:sugar_cane":23,"minecraft:oak_planks":58,"minecraft:sculk":22,"minecraft:diorite":19,"minecraft:wall_torch":10,"minecraft:birch_sapling":3,"minecraft:pink_petals":3,"minecraft:seagrass":1,"minecraft:birch_planks":155,"minecraft:dark_oak_door":6,"minecraft:birch_log":479,"minecraft:spruce_log":49,"minecraft:birch_leaves":33,"minecraft:yellow_bed":6,"minecraft:grass":142,"minecraft:coal_ore":165,"minecraft:oak_log":833,"minecraft:dark_oak_sapling":2,"minecraft:sunflower":57,"minecraft:gravel":2,"minecraft:dirt":97,"minecraft:cracked_stone_bricks":1,"minecraft:stonecutter":1,"minecraft:oak_leaves":356,"minecraft:deepslate":60,"minecraft:fern":2},"minecraft:custom":{"minecraft:mob_kills":87,"minecraft:interact_with_crafting_table":66,"minecraft:leave_game":10,"minecraft:time_since_death":62345,"minecraft:sprint_one_cm":801384,"minecraft:walk_one_cm":1209330,"minecraft:damage_blocked_by_shield":2095,"minecraft:drop":125,"minecraft:play_time":387194,"minecraft:deaths":6,"minecraft:sneak_time":65914,"minecraft:walk_under_water_one_cm":37058,"minecraft:jump":5269,"minecraft:walk_on_water_one_cm":31785,"minecraft:total_world_time":387194,"minecraft:interact_with_furnace":81,"minecraft:interact_with_cartography_table":1,"minecraft:interact_with_stonecutter":3,"minecraft:sleep_in_bed":10,"minecraft:time_since_rest":8815,"minecraft:damage_taken":5303,"minecraft:damage_absorbed":60,"minecraft:damage_dealt":10246,"minecraft:swim_one_cm":101281,"minecraft:fly_one_cm":956898,"minecraft:open_chest":227,"minecraft:crouch_one_cm":224022,"minecraft:fall_one_cm":149529,"minecraft:horse_one_cm":797795},"minecraft:dropped":{"minecraft:enchanted_book":1,"minecraft:iron_ingot":2,"minecraft:birch_planks":192,"minecraft:wheat_seeds":16,"minecraft:cooked_beef":3,"minecraft:oak_log":284,"minecraft:glow_ink_sac":2,"minecraft:crafting_table":2,"minecraft:dark_oak_sapling":2,"minecraft:cooked_porkchop":3,"minecraft:feather":4,"minecraft:cobblestone":84,"minecraft:book":1,"minecraft:coal":16,"minecraft:stick":98,"minecraft:oxeye_daisy":1,"minecraft:dirt":14,"minecraft:dark_oak_log":65,"minecraft:cornflower":4,"minecraft:mutton":1,"minecraft:sunflower":56,"minecraft:stonecutter":1,"minecraft:iron_pickaxe":1,"minecraft:pink_petals":6,"minecraft:string":4,"minecraft:bucket":1,"minecraft:birch_log":193,"minecraft:white_wool":2,"minecraft:gold_ingot":4,"minecraft:bone":3,"minecraft:dandelion":22,"minecraft:redstone":23,"minecraft:gravel":1,"minecraft:stone_axe":14,"minecraft:cooked_chicken":1,"minecraft:cobbled_deepslate":11,"minecraft:stone_sword":1,"minecraft:raw_iron":9,"minecraft:chicken":6,"minecraft:rotten_flesh":28,"minecraft:oak_planks":62,"minecraft:azure_bluet":3,"minecraft:salmon":5,"minecraft:netherite_leggings":1,"minecraft:poppy":2,"minecraft:potato":2,"minecraft:hay_block":6,"minecraft:stone":64,"minecraft:oak_sapling":2,"minecraft:spruce_log":1,"minecraft:arrow":3,"minecraft:stone_pickaxe":1,"minecraft:bow":1,"minecraft:wooden_pickaxe":1,"minecraft:magma_block":10,"minecraft:nautilus_shell":1},"minecraft:used":{"minecraft:cherry_sapling":1,"minecraft:enchanting_table":1,"minecraft:stone_sword":210,"minecraft:stone_shovel":458,"minecraft:chest":12,"minecraft:shield":30,"minecraft:stone":3,"minecraft:cooked_chicken":6,"minecraft:iron_chestplate":1,"minecraft:torch":585,"minecraft:dirt":319,"minecraft:tuff":2,"minecraft:dark_oak_planks":91,"minecraft:lava_bucket":6,"minecraft:iron_axe":253,"minecraft:oak_stairs":17,"minecraft:birch_sapling":40,"minecraft:iron_boots":1,"minecraft:stone_bricks":9,"minecraft:beef":1,"minecraft:furnace":13,"minecraft:oak_sapling":53,"minecraft:egg":1,"minecraft:cooked_beef":25,"minecraft:cobbled_deepslate":41,"minecraft:dark_oak_sapling":41,"minecraft:cooked_mutton":1,"minecraft:water_bucket":18,"minecraft:diorite":16,"minecraft:birch_planks":789,"minecraft:stone_pickaxe":356,"minecraft:oak_planks":223,"minecraft:wooden_pickaxe":29,"minecraft:stonecutter":1,"minecraft:cracked_stone_bricks":1,"minecraft:golden_apple":2,"minecraft:mossy_cobblestone":3,"minecraft:stripped_dark_oak_log":32,"minecraft:crafting_table":20,"minecraft:white_bed":1,"minecraft:dark_oak_door":9,"minecraft:lightning_rod":2,"minecraft:diamond_pickaxe":244,"minecraft:apple":2,"minecraft:dark_oak_log":253,"minecraft:sunflower":10,"minecraft:bread":21,"minecraft:iron_pickaxe":224,"minecraft:spruce_sapling":9,"minecraft:stone_axe":2610,"minecraft:cobblestone":275,"minecraft:cooked_porkchop":7,"minecraft:bucket":26,"minecraft:birch_log":2,"minecraft:yellow_bed":6,"minecraft:bone_meal":24,"minecraft:birch_stairs":55},"minecraft:broken":{"minecraft:stone_pickaxe":2,"minecraft:iron_axe":1,"minecraft:stone_axe":15,"minecraft:stone_shovel":3},"minecraft:picked_up":{"minecraft:crafting_table":19,"minecraft:iron_chestplate":5,"minecraft:azure_bluet":3,"minecraft:chicken":16,"minecraft:stone_slab":6,"minecraft:oak_stairs":1,"minecraft:shield":2,"minecraft:cornflower":4,"minecraft:music_disc_cat":1,"minecraft:string":10,"minecraft:raw_copper":9,"minecraft:iron_axe":1,"minecraft:iron_leggings":4,"minecraft:cracked_stone_bricks":1,"minecraft:cobbled_deepslate":88,"minecraft:bucket":1,"minecraft:beef":47,"minecraft:poppy":2,"minecraft:iron_pickaxe":2,"minecraft:sugar_cane":54,"minecraft:birch_sapling":40,"minecraft:egg":1,"minecraft:furnace":9,"minecraft:iron_boots":6,"minecraft:dark_oak_door":6,"minecraft:dark_oak_sapling":43,"minecraft:stick":249,"minecraft:raw_iron":58,"minecraft:stone":490,"minecraft:copper_ingot":43,"minecraft:torch":308,"minecraft:porkchop":37,"minecraft:lightning_rod":1,"minecraft:diorite":16,"minecraft:redstone":23,"minecraft:dark_oak_planks":257,"minecraft:stone_shovel":3,"minecraft:stone_sword":6,"minecraft:arrow":20,"minecraft:rotten_flesh":40,"minecraft:hay_block":13,"minecraft:cod":5,"minecraft:saddle":3,"minecraft:gold_ingot":3,"minecraft:obsidian":12,"minecraft:mutton":2,"minecraft:white_wool":2,"minecraft:cobblestone":801,"minecraft:oxeye_daisy":1,"minecraft:nautilus_shell":3,"minecraft:birch_log":479,"minecraft:enchanting_table":1,"minecraft:pink_petals":12,"minecraft:magma_block":10,"minecraft:feather":25,"minecraft:cooked_beef":29,"minecraft:glow_ink_sac":2,"minecraft:salmon":10,"minecraft:leather":40,"minecraft:potato":1,"minecraft:birch_planks":486,"minecraft:tuff":10,"minecraft:oak_log":1238,"minecraft:yellow_bed":6,"minecraft:cobblestone_stairs":3,"minecraft:netherite_leggings":1,"minecraft:dirt":604,"minecraft:bone":26,"minecraft:stone_bricks":15,"minecraft:apple":8,"minecraft:stonecutter":1,"minecraft:bow":3,"minecraft:wheat_seeds":20,"minecraft:raw_gold":19,"minecraft:stone_pickaxe":3,"minecraft:iron_ingot":11,"minecraft:cooked_chicken":4,"minecraft:oak_planks":559,"minecraft:book":13,"minecraft:cooked_porkchop":5,"minecraft:dandelion":22,"minecraft:lava_bucket":2,"minecraft:gravel":1,"minecraft:birch_stairs":33,"minecraft:spruce_sapling":9,"minecraft:white_bed":2,"minecraft:spruce_log":48,"minecraft:dark_oak_log":768,"minecraft:mossy_cobblestone":3,"minecraft:diamond":70,"minecraft:stone_axe":17,"minecraft:iron_helmet":3,"minecraft:cherry_sapling":1,"minecraft:golden_apple":2,"minecraft:bread":9,"minecraft:emerald":1,"minecraft:oak_sapling":85,"minecraft:stripped_dark_oak_log":35,"minecraft:coal":285,"minecraft:sunflower":66,"minecraft:diamond_pickaxe":5},"minecraft:crafted":{"minecraft:oak_planks":514,"minecraft:stone_shovel":5,"minecraft:cooked_chicken":7,"minecraft:lightning_rod":1,"minecraft:furnace":6,"minecraft:cobblestone_stairs":1,"minecraft:stone":190,"minecraft:bone_meal":24,"minecraft:cooked_mutton":1,"minecraft:dark_oak_door":3,"minecraft:iron_boots":1,"minecraft:iron_axe":1,"minecraft:stone_pickaxe":5,"minecraft:chest":12,"minecraft:dark_oak_planks":116,"minecraft:stone_bricks":13,"minecraft:wheat":63,"minecraft:cooked_beef":17,"minecraft:cooked_porkchop":5,"minecraft:crafting_table":8,"minecraft:enchanting_table":1,"minecraft:iron_helmet":1,"minecraft:wooden_pickaxe":1,"minecraft:copper_ingot":46,"minecraft:birch_planks":880,"minecraft:bucket":3,"minecraft:stone_axe":23,"minecraft:bread":21,"minecraft:air":0,"minecraft:iron_chestplate":1,"minecraft:diamond_pickaxe":1,"minecraft:shield":1,"minecraft:stick":164,"minecraft:stone_slab":2,"minecraft:iron_ingot":34,"minecraft:iron_pickaxe":1,"minecraft:oak_stairs":16,"minecraft:stone_sword":2,"minecraft:iron_leggings":1,"minecraft:stonecutter":1,"minecraft:torch":412,"minecraft:birch_stairs":32},"minecraft:killed_by":{"minecraft:player":1,"minecraft:skeleton":1,"minecraft:zombie":2}},"DataVersion":3463}