{"stats":{"minecraft:custom":{"minecraft:mob_kills":39,"minecraft:interact_with_crafting_table":24,"minecraft:leave_game":3,"minecraft:time_since_death":45432,"minecraft:sprint_one_cm":177155,"minecraft:walk_one_cm":393312,"minecraft:damage_blocked_by_shield":2095,"minecraft:drop":49,"minecraft:play_time":116157,"minecraft:deaths":2,"minecraft:sneak_time":18426,"minecraft:walk_under_water_one_cm":16233,"minecraft:jump":1717,"minecraft:walk_on_water_one_cm":17794,"minecraft:total_world_time":116157,"minecraft:interact_with_furnace":47,"minecraft:sleep_in_bed":1,"minecraft:time_since_rest":14071,"minecraft:damage_taken":1551,"minecraft:damage_absorbed":20,"minecraft:damage_dealt":4805,"minecraft:swim_one_cm":42569,"minecraft:fly_one_cm":334922,"minecraft:open_chest":35,"minecraft:crouch_one_cm":56907,"minecraft:fall_one_cm":37909,"minecraft:horse_one_cm":237205},"minecraft:killed_by":{"minecraft:player":1,"minecraft:skeleton":1},"minecraft:broken":{"minecraft:stone_pickaxe":2,"minecraft:stone_axe":1,"minecraft:stone_shovel":1},"minecraft:mined":{"minecraft:tuff":2,"minecraft:white_bed":1,"minecraft:mossy_cobblestone":3,"minecraft:deepslate_diamond_ore":3,"minecraft:sculk_vein":2,"minecraft:obsidian":6,"minecraft:glow_lichen":1,"minecraft:granite":1,"minecraft:grass_block":107,"minecraft:oxeye_daisy":1,"minecraft:spawner":1,"minecraft:furnace":5,"minecraft:iron_ore":13,"minecraft:cobbled_deepslate":1,"minecraft:azure_bluet":3,"minecraft:deepslate_iron_ore":29,"minecraft:stone":270,"minecraft:deepslate_redstone_ore":5,"minecraft:dandelion":21,"minecraft:crafting_table":8,"minecraft:cornflower":4,"minecraft:torch":1,"minecraft:emerald_ore":1,"minecraft:poppy":2,"minecraft:cobblestone":10,"minecraft:tall_grass":14,"minecraft:copper_ore":1,"minecraft:deepslate_gold_ore":8,"minecraft:sugar_cane":2,"minecraft:sculk":22,"minecraft:diorite":19,"minecraft:wall_torch":1,"minecraft:pink_petals":1,"minecraft:seagrass":1,"minecraft:birch_log":45,"minecraft:birch_leaves":4,"minecraft:grass":109,"minecraft:oak_log":143,"minecraft:coal_ore":132,"minecraft:sunflower":48,"minecraft:gravel":2,"minecraft:dirt":54,"minecraft:cracked_stone_bricks":1,"minecraft:oak_leaves":53,"minecraft:deepslate":52},"minecraft:dropped":{"minecraft:enchanted_book":1,"minecraft:wheat_seeds":12,"minecraft:cooked_beef":3,"minecraft:oak_log":32,"minecraft:crafting_table":1,"minecraft:cobblestone":66,"minecraft:book":1,"minecraft:coal":16,"minecraft:oxeye_daisy":1,"minecraft:dirt":13,"minecraft:cornflower":4,"minecraft:sunflower":55,"minecraft:string":2,"minecraft:bucket":1,"minecraft:pink_petals":2,"minecraft:white_wool":1,"minecraft:gold_ingot":4,"minecraft:dandelion":21,"minecraft:bone":3,"minecraft:redstone":23,"minecraft:gravel":1,"minecraft:stone_axe":2,"minecraft:cooked_chicken":1,"minecraft:cobbled_deepslate":11,"minecraft:raw_iron":9,"minecraft:rotten_flesh":11,"minecraft:oak_planks":8,"minecraft:azure_bluet":3,"minecraft:netherite_leggings":1,"minecraft:poppy":2,"minecraft:potato":1,"minecraft:stone":64,"minecraft:oak_sapling":2,"minecraft:arrow":3,"minecraft:wooden_pickaxe":1,"minecraft:nautilus_shell":1},"minecraft:picked_up":{"minecraft:crafting_table":11,"minecraft:iron_chestplate":2,"minecraft:azure_bluet":3,"minecraft:chicken":10,"minecraft:shield":2,"minecraft:cornflower":4,"minecraft:music_disc_cat":1,"minecraft:string":2,"minecraft:raw_copper":9,"minecraft:cracked_stone_bricks":1,"minecraft:cobbled_deepslate":79,"minecraft:bucket":1,"minecraft:beef":6,"minecraft:poppy":2,"minecraft:iron_pickaxe":2,"minecraft:sugar_cane":5,"minecraft:birch_sapling":5,"minecraft:furnace":5,"minecraft:iron_boots":2,"minecraft:stick":24,"minecraft:raw_iron":56,"minecraft:stone":64,"minecraft:torch":264,"minecraft:porkchop":5,"minecraft:diorite":16,"minecraft:redstone":23,"minecraft:stone_sword":2,"minecraft:arrow":13,"minecraft:rotten_flesh":19,"minecraft:saddle":3,"minecraft:gold_ingot":3,"minecraft:obsidian":12,"minecraft:mutton":1,"minecraft:white_wool":1,"minecraft:cobblestone":405,"minecraft:oxeye_daisy":1,"minecraft:nautilus_shell":2,"minecraft:birch_log":45,"minecraft:pink_petals":2,"minecraft:feather":21,"minecraft:cooked_beef":5,"minecraft:salmon":10,"minecraft:leather":15,"minecraft:potato":1,"minecraft:tuff":4,"minecraft:oak_log":275,"minecraft:dirt":161,"minecraft:netherite_leggings":1,"minecraft:bone":17,"minecraft:bow":3,"minecraft:wheat_seeds":12,"minecraft:raw_gold":16,"minecraft:iron_ingot":4,"minecraft:stone_pickaxe":2,"minecraft:cooked_chicken":4,"minecraft:oak_planks":9,"minecraft:book":1,"minecraft:cooked_porkchop":5,"minecraft:dandelion":21,"minecraft:gravel":1,"minecraft:lava_bucket":1,"minecraft:white_bed":1,"minecraft:mossy_cobblestone":3,"minecraft:diamond":68,"minecraft:stone_axe":3,"minecraft:golden_apple":2,"minecraft:emerald":1,"minecraft:oak_sapling":6,"minecraft:coal":238,"minecraft:sunflower":55,"minecraft:diamond_pickaxe":1},"minecraft:crafted":{"minecraft:oak_planks":158,"minecraft:stone_shovel":1,"minecraft:cooked_chicken":7,"minecraft:furnace":6,"minecraft:cooked_mutton":1,"minecraft:iron_boots":1,"minecraft:stone_pickaxe":4,"minecraft:chest":2,"minecraft:cooked_beef":6,"minecraft:cooked_porkchop":2,"minecraft:crafting_table":4,"minecraft:wooden_pickaxe":1,"minecraft:iron_helmet":1,"minecraft:bucket":2,"minecraft:stone_axe":4,"minecraft:air":0,"minecraft:iron_chestplate":1,"minecraft:diamond_pickaxe":1,"minecraft:shield":1,"minecraft:stick":88,"minecraft:iron_ingot":32,"minecraft:iron_pickaxe":1,"minecraft:stone_sword":1,"minecraft:iron_leggings":1,"minecraft:torch":220},"minecraft:killed":{"minecraft:spider":1,"minecraft:skeleton":4,"minecraft:chicken":7,"minecraft:drowned":1,"minecraft:pig":2,"minecraft:salmon":11,"minecraft:sheep":1,"minecraft:zombie":9,"minecraft:cow":3},"minecraft:used":{"minecraft:stone_sword":95,"minecraft:stone_shovel":141,"minecraft:chest":2,"minecraft:shield":30,"minecraft:cooked_chicken":6,"minecraft:torch":397,"minecraft:dirt":148,"minecraft:tuff":2,"minecraft:lava_bucket":3,"minecraft:furnace":9,"minecraft:cooked_beef":3,"minecraft:cobbled_deepslate":41,"minecraft:cooked_mutton":1,"minecraft:water_bucket":12,"minecraft:diorite":16,"minecraft:stone_pickaxe":353,"minecraft:oak_planks":15,"minecraft:wooden_pickaxe":29,"minecraft:golden_apple":1,"minecraft:mossy_cobblestone":3,"minecraft:crafting_table":9,"minecraft:white_bed":1,"minecraft:diamond_pickaxe":17,"minecraft:iron_pickaxe":210,"minecraft:stone_axe":266,"minecraft:cobblestone":210,"minecraft:cooked_porkchop":4,"minecraft:bucket":16}},"DataVersion":3463}