{"stats":{"minecraft:custom":{"minecraft:time_since_rest":7013,"minecraft:interact_with_furnace":6,"minecraft:sprint_one_cm":6518,"minecraft:damage_taken":450,"minecraft:walk_one_cm":55676,"minecraft:mob_kills":9,"minecraft:drop":2,"minecraft:damage_dealt":1039,"minecraft:interact_with_crafting_table":5,"minecraft:fly_one_cm":6530,"minecraft:deaths":1,"minecraft:crouch_one_cm":793,"minecraft:play_time":21377,"minecraft:sneak_time":630,"minecraft:walk_under_water_one_cm":3969,"minecraft:jump":170,"minecraft:leave_game":2,"minecraft:time_since_death":6987,"minecraft:walk_on_water_one_cm":4099,"minecraft:sleep_in_bed":1,"minecraft:total_world_time":21377,"minecraft:fall_one_cm":2686},"minecraft:killed_by":{"minecraft:skeleton":1},"minecraft:dropped":{"minecraft:feather":1,"minecraft:arrow":1},"minecraft:mined":{"minecraft:white_bed":1,"minecraft:crafting_table":1,"minecraft:oak_log":17,"minecraft:coal_ore":56,"minecraft:stone":17},"minecraft:picked_up":{"minecraft:crafting_table":1,"minecraft:feather":1,"minecraft:chicken":1,"minecraft:torch":10,"minecraft:porkchop":8,"minecraft:oak_log":30,"minecraft:white_bed":1,"minecraft:wooden_sword":1,"minecraft:bone":4,"minecraft:arrow":1,"minecraft:stone_pickaxe":1,"minecraft:mutton":7,"minecraft:coal":95,"minecraft:white_wool":4,"minecraft:cobblestone":23},"minecraft:crafted":{"minecraft:wooden_sword":1,"minecraft:oak_planks":16,"minecraft:crafting_table":1,"minecraft:stick":8,"minecraft:wooden_pickaxe":1,"minecraft:stone_pickaxe":1,"minecraft:furnace":1,"minecraft:white_bed":1,"minecraft:torch":12,"minecraft:air":0,"minecraft:cooked_mutton":7},"minecraft:killed":{"minecraft:sheep":4,"minecraft:skeleton":1,"minecraft:zombie":1,"minecraft:pig":2,"minecraft:chicken":1},"minecraft:used":{"minecraft:cooked_mutton":1,"minecraft:chicken":1,"minecraft:stone_pickaxe":59,"minecraft:wooden_pickaxe":14,"minecraft:torch":2,"minecraft:white_wool":1,"minecraft:wooden_sword":28,"minecraft:cobblestone":6,"minecraft:crafting_table":2,"minecraft:furnace":1,"minecraft:porkchop":2,"minecraft:white_bed":2}},"DataVersion":3463}