{"stats":{"minecraft:killed":{"minecraft:witch":1,"minecraft:spider":3,"minecraft:skeleton":17,"minecraft:chicken":5,"minecraft:pig":16,"minecraft:creeper":3,"minecraft:sheep":18,"minecraft:pillager":2,"minecraft:zombie":33,"minecraft:cow":56},"minecraft:mined":{"minecraft:deepslate_tiles":18,"minecraft:diamond_ore":1,"minecraft:tuff":2,"minecraft:spruce_planks":133,"minecraft:white_bed":2,"minecraft:deepslate_diamond_ore":13,"minecraft:cherry_log":51,"minecraft:stripped_cherry_log":3,"minecraft:cave_vines_plant":9,"minecraft:budding_amethyst":14,"minecraft:deepslate_tile_wall":14,"minecraft:grass_block":5,"minecraft:deepslate_bricks":87,"minecraft:spruce_leaves":36,"minecraft:moss_block":83,"minecraft:deepslate_brick_slab":51,"minecraft:magma_block":1,"minecraft:furnace":10,"minecraft:fire":6,"minecraft:iron_ore":31,"minecraft:cobbled_deepslate":9,"minecraft:andesite":5,"minecraft:moss_carpet":4,"minecraft:deepslate_lapis_ore":1,"minecraft:gold_block":3,"minecraft:cave_vines":8,"minecraft:deepslate_iron_ore":40,"minecraft:vine":1,"minecraft:stripped_oak_log":4,"minecraft:bamboo":33,"minecraft:azalea":6,"minecraft:stone":266,"minecraft:spruce_slab":33,"minecraft:flowering_azalea":4,"minecraft:cherry_planks":7,"minecraft:deepslate_brick_wall":32,"minecraft:smoker":1,"minecraft:amethyst_cluster":2,"minecraft:deepslate_tile_slab":39,"minecraft:crafting_table":11,"minecraft:emerald_ore":1,"minecraft:calcite":196,"minecraft:chest":3,"minecraft:stone_slab":19,"minecraft:copper_ore":5,"minecraft:tall_grass":51,"minecraft:cobblestone":19,"minecraft:oak_planks":2,"minecraft:diorite":28,"minecraft:wall_torch":1,"minecraft:amethyst_block":164,"minecraft:pink_petals":8,"minecraft:sweet_berry_bush":17,"minecraft:spruce_log":132,"minecraft:grass":50,"minecraft:coal_ore":97,"minecraft:oak_log":19,"minecraft:cocoa":2,"minecraft:cherry_leaves":10,"minecraft:dirt":25,"minecraft:smooth_basalt":1,"minecraft:netherrack":1,"minecraft:oak_leaves":4,"minecraft:deepslate":432,"minecraft:fern":2},"minecraft:dropped":{"minecraft:wheat_seeds":22,"minecraft:lapis_lazuli":8,"minecraft:cobblestone":6,"minecraft:dirt":19,"minecraft:brown_wool":1,"minecraft:cherry_planks":8,"minecraft:iron_axe":1,"minecraft:string":2,"minecraft:pink_petals":343,"minecraft:bone":8,"minecraft:stone_axe":1,"minecraft:spyglass":1,"minecraft:detector_rail":1,"minecraft:stone_sword":1,"minecraft:tuff":1,"minecraft:cherry_sapling":1,"minecraft:rotten_flesh":16,"minecraft:stripped_oak_log":4,"minecraft:cooked_mutton":1,"minecraft:gunpowder":1,"minecraft:diamond_pickaxe":1,"minecraft:andesite":1,"minecraft:arrow":2,"minecraft:bow":1,"minecraft:stone_pickaxe":1,"minecraft:wooden_pickaxe":1,"minecraft:calcite":269,"minecraft:magma_block":1,"minecraft:netherrack":1,"minecraft:black_wool":1,"minecraft:egg":1},"minecraft:custom":{"minecraft:mob_kills":155,"minecraft:interact_with_crafting_table":59,"minecraft:leave_game":12,"minecraft:time_since_death":249198,"minecraft:climb_one_cm":123,"minecraft:sprint_one_cm":940505,"minecraft:walk_one_cm":415553,"minecraft:damage_blocked_by_shield":1305,"minecraft:drop":67,"minecraft:play_time":254269,"minecraft:deaths":2,"minecraft:sneak_time":26513,"minecraft:walk_under_water_one_cm":15490,"minecraft:jump":7051,"minecraft:walk_on_water_one_cm":35154,"minecraft:total_world_time":254269,"minecraft:interact_with_furnace":111,"minecraft:sleep_in_bed":5,"minecraft:time_since_rest":5733,"minecraft:damage_taken":7651,"minecraft:damage_dealt":21016,"minecraft:swim_one_cm":37776,"minecraft:fly_one_cm":1435870,"minecraft:open_chest":91,"minecraft:crouch_one_cm":96663,"minecraft:interact_with_smoker":12,"minecraft:fall_one_cm":268947},"minecraft:used":{"minecraft:cherry_sapling":23,"minecraft:stone_sword":41,"minecraft:spruce_slab":62,"minecraft:chest":7,"minecraft:shield":10,"minecraft:spruce_planks":284,"minecraft:cooked_chicken":5,"minecraft:iron_chestplate":1,"minecraft:torch":6,"minecraft:dirt":11,"minecraft:spyglass":170,"minecraft:mutton":2,"minecraft:deepslate_brick_slab":52,"minecraft:deepslate_tile_slab":409,"minecraft:tuff":1,"minecraft:iron_axe":4,"minecraft:iron_helmet":1,"minecraft:iron_boots":1,"minecraft:smooth_basalt":1,"minecraft:bamboo":7,"minecraft:sweet_berries":20,"minecraft:furnace":12,"minecraft:egg":1,"minecraft:cooked_beef":58,"minecraft:cobbled_deepslate":86,"minecraft:cherry_log":3,"minecraft:iron_leggings":1,"minecraft:deepslate_brick_wall":37,"minecraft:cooked_mutton":22,"minecraft:water_bucket":74,"minecraft:diorite":27,"minecraft:amethyst_block":25,"minecraft:stone_pickaxe":72,"minecraft:wooden_pickaxe":20,"minecraft:cherry_planks":7,"minecraft:diamond_axe":399,"minecraft:deepslate_bricks":88,"minecraft:glow_berries":1,"minecraft:crafting_table":14,"minecraft:white_bed":3,"minecraft:dripstone_block":1,"minecraft:smoker":2,"minecraft:deepslate_tiles":70,"minecraft:deepslate_tile_wall":74,"minecraft:oak_log":3,"minecraft:diamond_pickaxe":1484,"minecraft:iron_pickaxe":39,"minecraft:stone_slab":19,"minecraft:stone_axe":21,"minecraft:pink_petals":141,"minecraft:diamond_sword":333,"minecraft:cobblestone":171,"minecraft:porkchop":1,"minecraft:cooked_porkchop":22,"minecraft:bucket":77,"minecraft:andesite":3},"minecraft:picked_up":{"minecraft:cocoa_beans":6,"minecraft:crafting_table":11,"minecraft:chicken":5,"minecraft:stone_slab":19,"minecraft:gold_block":3,"minecraft:stripped_cherry_log":3,"minecraft:amethyst_block":226,"minecraft:string":2,"minecraft:moss_carpet":17,"minecraft:raw_copper":12,"minecraft:iron_axe":1,"minecraft:deepslate_tiles":17,"minecraft:detector_rail":1,"minecraft:cobbled_deepslate":436,"minecraft:spruce_planks":131,"minecraft:beef":107,"minecraft:calcite":269,"minecraft:azalea":7,"minecraft:spruce_slab":33,"minecraft:deepslate_tile_wall":14,"minecraft:chest":3,"minecraft:egg":2,"minecraft:furnace":10,"minecraft:stick":31,"minecraft:raw_iron":81,"minecraft:deepslate_brick_wall":32,"minecraft:torch":1,"minecraft:porkchop":52,"minecraft:cherry_log":51,"minecraft:diorite":27,"minecraft:rotten_flesh":26,"minecraft:arrow":8,"minecraft:deepslate_bricks":86,"minecraft:mutton":36,"minecraft:glow_berries":11,"minecraft:cobblestone":281,"minecraft:white_wool":15,"minecraft:stripped_oak_log":4,"minecraft:pink_petals":431,"minecraft:magma_block":1,"minecraft:feather":8,"minecraft:cooked_beef":4,"minecraft:cherry_planks":7,"minecraft:andesite":4,"minecraft:brown_wool":2,"minecraft:leather":50,"minecraft:smoker":1,"minecraft:oak_log":19,"minecraft:tuff":2,"minecraft:gunpowder":1,"minecraft:deepslate_tile_slab":40,"minecraft:lapis_lazuli":8,"minecraft:dirt":66,"minecraft:bone":11,"minecraft:bow":1,"minecraft:wheat_seeds":22,"minecraft:deepslate_brick_slab":33,"minecraft:raw_gold":11,"minecraft:bamboo":335,"minecraft:moss_block":83,"minecraft:oak_planks":2,"minecraft:flowering_azalea":4,"minecraft:smooth_basalt":1,"minecraft:sweet_berries":45,"minecraft:dripstone_block":1,"minecraft:amethyst_shard":8,"minecraft:spruce_sapling":15,"minecraft:white_bed":2,"minecraft:spruce_log":131,"minecraft:spider_eye":1,"minecraft:diamond":14,"minecraft:cherry_sapling":30,"minecraft:emerald":1,"minecraft:black_wool":1,"minecraft:netherrack":1,"minecraft:coal":229,"minecraft:diamond_pickaxe":1},"minecraft:crafted":{"minecraft:cherry_planks":12,"minecraft:oak_planks":64,"minecraft:spyglass":2,"minecraft:cooked_chicken":5,"minecraft:furnace":4,"minecraft:stone":35,"minecraft:cooked_mutton":23,"minecraft:deepslate_brick_wall":18,"minecraft:iron_boots":1,"minecraft:polished_deepslate":344,"minecraft:iron_axe":1,"minecraft:spruce_slab":66,"minecraft:stone_pickaxe":1,"minecraft:chest":4,"minecraft:deepslate_tile_wall":60,"minecraft:stone_bricks":8,"minecraft:smoker":1,"minecraft:cooked_beef":95,"minecraft:diamond_sword":1,"minecraft:cooked_porkchop":34,"minecraft:diamond_axe":1,"minecraft:crafting_table":5,"minecraft:spruce_planks":268,"minecraft:wooden_pickaxe":1,"minecraft:iron_helmet":1,"minecraft:deepslate_brick_slab":48,"minecraft:copper_ingot":12,"minecraft:bucket":1,"minecraft:stone_axe":1,"minecraft:deepslate_tiles":300,"minecraft:air":0,"minecraft:iron_chestplate":1,"minecraft:diamond_pickaxe":2,"minecraft:shield":1,"minecraft:stick":22,"minecraft:stone_slab":24,"minecraft:iron_ingot":59,"minecraft:iron_pickaxe":1,"minecraft:stone_sword":1,"minecraft:gold_ingot":11,"minecraft:iron_leggings":1,"minecraft:white_bed":1,"minecraft:torch":16,"minecraft:deepslate_bricks":344,"minecraft:deepslate_tile_slab":372},"minecraft:killed_by":{"minecraft:player":1}},"DataVersion":3463}