{"stats":{"minecraft:custom":{"minecraft:mob_kills":80,"minecraft:interact_with_crafting_table":39,"minecraft:leave_game":8,"minecraft:time_since_death":144962,"minecraft:sprint_one_cm":528774,"minecraft:walk_one_cm":259926,"minecraft:damage_blocked_by_shield":765,"minecraft:drop":43,"minecraft:play_time":150033,"minecraft:deaths":2,"minecraft:sneak_time":12110,"minecraft:walk_under_water_one_cm":7973,"minecraft:jump":3781,"minecraft:walk_on_water_one_cm":21548,"minecraft:total_world_time":150033,"minecraft:interact_with_furnace":90,"minecraft:sleep_in_bed":4,"minecraft:time_since_rest":46473,"minecraft:damage_taken":3928,"minecraft:damage_dealt":10408,"minecraft:swim_one_cm":29158,"minecraft:fly_one_cm":740694,"minecraft:open_chest":51,"minecraft:crouch_one_cm":43314,"minecraft:fall_one_cm":136542},"minecraft:killed_by":{"minecraft:player":1},"minecraft:dropped":{"minecraft:wheat_seeds":12,"minecraft:lapis_lazuli":8,"minecraft:cobblestone":6,"minecraft:dirt":10,"minecraft:iron_axe":1,"minecraft:string":1,"minecraft:pink_petals":343,"minecraft:stone_axe":1,"minecraft:spyglass":1,"minecraft:detector_rail":1,"minecraft:stone_sword":1,"minecraft:tuff":1,"minecraft:cherry_sapling":1,"minecraft:rotten_flesh":16,"minecraft:gunpowder":1,"minecraft:andesite":1,"minecraft:arrow":2,"minecraft:bow":1,"minecraft:stone_pickaxe":1,"minecraft:wooden_pickaxe":1,"minecraft:calcite":269,"minecraft:black_wool":1,"minecraft:egg":1},"minecraft:mined":{"minecraft:deepslate_tiles":15,"minecraft:diamond_ore":1,"minecraft:tuff":1,"minecraft:spruce_planks":77,"minecraft:white_bed":2,"minecraft:deepslate_diamond_ore":7,"minecraft:cherry_log":51,"minecraft:budding_amethyst":14,"minecraft:deepslate_tile_wall":12,"minecraft:grass_block":2,"minecraft:deepslate_bricks":20,"minecraft:spruce_leaves":36,"minecraft:deepslate_brick_slab":2,"minecraft:furnace":9,"minecraft:cobbled_deepslate":5,"minecraft:iron_ore":31,"minecraft:andesite":4,"minecraft:deepslate_lapis_ore":1,"minecraft:gold_block":2,"minecraft:deepslate_iron_ore":40,"minecraft:stone":247,"minecraft:deepslate_brick_wall":22,"minecraft:amethyst_cluster":2,"minecraft:deepslate_tile_slab":8,"minecraft:crafting_table":6,"minecraft:emerald_ore":1,"minecraft:calcite":196,"minecraft:chest":3,"minecraft:copper_ore":5,"minecraft:tall_grass":41,"minecraft:cobblestone":18,"minecraft:oak_planks":2,"minecraft:diorite":19,"minecraft:amethyst_block":148,"minecraft:pink_petals":5,"minecraft:sweet_berry_bush":17,"minecraft:spruce_log":132,"minecraft:grass":19,"minecraft:oak_log":16,"minecraft:coal_ore":97,"minecraft:cherry_leaves":9,"minecraft:dirt":19,"minecraft:smooth_basalt":1,"minecraft:deepslate":360},"minecraft:picked_up":{"minecraft:crafting_table":6,"minecraft:chicken":5,"minecraft:gold_block":2,"minecraft:amethyst_block":202,"minecraft:string":1,"minecraft:raw_copper":12,"minecraft:iron_axe":1,"minecraft:deepslate_tiles":14,"minecraft:cobbled_deepslate":362,"minecraft:detector_rail":1,"minecraft:spruce_planks":77,"minecraft:beef":19,"minecraft:calcite":269,"minecraft:deepslate_tile_wall":12,"minecraft:chest":3,"minecraft:furnace":9,"minecraft:egg":1,"minecraft:raw_iron":81,"minecraft:stick":31,"minecraft:deepslate_brick_wall":22,"minecraft:porkchop":52,"minecraft:cherry_log":51,"minecraft:diorite":19,"minecraft:arrow":5,"minecraft:rotten_flesh":18,"minecraft:deepslate_bricks":20,"minecraft:mutton":34,"minecraft:white_wool":15,"minecraft:cobblestone":264,"minecraft:pink_petals":428,"minecraft:feather":8,"minecraft:andesite":3,"minecraft:brown_wool":1,"minecraft:leather":7,"minecraft:tuff":1,"minecraft:oak_log":16,"minecraft:gunpowder":1,"minecraft:deepslate_tile_slab":8,"minecraft:lapis_lazuli":8,"minecraft:dirt":57,"minecraft:bone":7,"minecraft:bow":1,"minecraft:wheat_seeds":12,"minecraft:deepslate_brick_slab":3,"minecraft:raw_gold":11,"minecraft:oak_planks":2,"minecraft:smooth_basalt":1,"minecraft:sweet_berries":45,"minecraft:amethyst_shard":8,"minecraft:spruce_sapling":15,"minecraft:white_bed":2,"minecraft:spruce_log":131,"minecraft:diamond":8,"minecraft:cherry_sapling":30,"minecraft:emerald":1,"minecraft:black_wool":1,"minecraft:coal":228},"minecraft:crafted":{"minecraft:oak_planks":64,"minecraft:spyglass":2,"minecraft:cooked_chicken":5,"minecraft:furnace":2,"minecraft:cooked_mutton":23,"minecraft:deepslate_brick_wall":18,"minecraft:iron_boots":1,"minecraft:polished_deepslate":344,"minecraft:iron_axe":1,"minecraft:spruce_slab":18,"minecraft:stone_pickaxe":1,"minecraft:chest":4,"minecraft:deepslate_tile_wall":48,"minecraft:cooked_beef":19,"minecraft:diamond_sword":1,"minecraft:cooked_porkchop":34,"minecraft:diamond_axe":1,"minecraft:crafting_table":3,"minecraft:spruce_planks":60,"minecraft:wooden_pickaxe":1,"minecraft:iron_helmet":1,"minecraft:deepslate_brick_slab":18,"minecraft:copper_ingot":12,"minecraft:bucket":1,"minecraft:deepslate_tiles":188,"minecraft:stone_axe":1,"minecraft:air":0,"minecraft:iron_chestplate":1,"minecraft:diamond_pickaxe":1,"minecraft:shield":1,"minecraft:stick":16,"minecraft:iron_ingot":59,"minecraft:iron_pickaxe":1,"minecraft:stone_sword":1,"minecraft:gold_ingot":11,"minecraft:iron_leggings":1,"minecraft:white_bed":1,"minecraft:deepslate_bricks":344,"minecraft:deepslate_tile_slab":6},"minecraft:killed":{"minecraft:spider":1,"minecraft:skeleton":11,"minecraft:chicken":5,"minecraft:pig":16,"minecraft:creeper":1,"minecraft:sheep":17,"minecraft:pillager":2,"minecraft:zombie":16,"minecraft:cow":11},"minecraft:used":{"minecraft:cherry_sapling":23,"minecraft:stone_sword":41,"minecraft:spruce_slab":18,"minecraft:spruce_planks":101,"minecraft:chest":7,"minecraft:shield":7,"minecraft:cooked_chicken":5,"minecraft:iron_chestplate":1,"minecraft:dirt":11,"minecraft:spyglass":44,"minecraft:deepslate_brick_slab":21,"minecraft:deepslate_tile_slab":8,"minecraft:iron_axe":4,"minecraft:iron_helmet":1,"minecraft:iron_boots":1,"minecraft:smooth_basalt":1,"minecraft:sweet_berries":20,"minecraft:furnace":11,"minecraft:cooked_beef":19,"minecraft:cobbled_deepslate":18,"minecraft:iron_leggings":1,"minecraft:deepslate_brick_wall":22,"minecraft:cooked_mutton":5,"minecraft:water_bucket":36,"minecraft:diorite":19,"minecraft:amethyst_block":1,"minecraft:stone_pickaxe":72,"minecraft:wooden_pickaxe":20,"minecraft:diamond_axe":273,"minecraft:deepslate_bricks":32,"minecraft:crafting_table":9,"minecraft:white_bed":3,"minecraft:deepslate_tile_wall":39,"minecraft:deepslate_tiles":15,"minecraft:diamond_pickaxe":1162,"minecraft:iron_pickaxe":39,"minecraft:stone_axe":21,"minecraft:pink_petals":141,"minecraft:diamond_sword":116,"minecraft:cobblestone":160,"minecraft:cooked_porkchop":22,"minecraft:porkchop":1,"minecraft:andesite":2,"minecraft:bucket":37}},"DataVersion":3463}