{"stats":{"minecraft:custom":{"minecraft:mob_kills":39,"minecraft:animals_bred":3,"minecraft:interact_with_crafting_table":48,"minecraft:leave_game":12,"minecraft:time_since_death":110567,"minecraft:sprint_one_cm":506567,"minecraft:walk_one_cm":761902,"minecraft:damage_blocked_by_shield":240,"minecraft:drop":8,"minecraft:play_time":153079,"minecraft:deaths":2,"minecraft:sneak_time":2664,"minecraft:walk_under_water_one_cm":12794,"minecraft:jump":1733,"minecraft:walk_on_water_one_cm":31482,"minecraft:total_world_time":153079,"minecraft:interact_with_furnace":35,"minecraft:sleep_in_bed":2,"minecraft:time_since_rest":12129,"minecraft:damage_taken":1130,"minecraft:damage_dealt":4792,"minecraft:fly_one_cm":157040,"minecraft:open_chest":52,"minecraft:crouch_one_cm":11316,"minecraft:fall_one_cm":36144},"minecraft:killed_by":{"minecraft:enderman":1,"minecraft:skeleton":1},"minecraft:broken":{"minecraft:stone_hoe":1},"minecraft:dropped":{"minecraft:stone_hoe":1,"minecraft:iron_ingot":2,"minecraft:wheat_seeds":10,"minecraft:granite":1,"minecraft:wooden_sword":1,"minecraft:sunflower":1},"minecraft:mined":{"minecraft:attached_pumpkin_stem":1,"minecraft:cherry_log":16,"minecraft:granite":1,"minecraft:grass_block":29,"minecraft:iron_ore":47,"minecraft:andesite":10,"minecraft:pumpkin":4,"minecraft:potatoes":1,"minecraft:stone":101,"minecraft:crafting_table":1,"minecraft:copper_ore":20,"minecraft:glass":8,"minecraft:tall_grass":97,"minecraft:cobblestone":3,"minecraft:oak_planks":6,"minecraft:wall_torch":1,"minecraft:diorite":3,"minecraft:wheat":30,"minecraft:grass":468,"minecraft:coal_ore":145,"minecraft:oak_log":5,"minecraft:cherry_leaves":6,"minecraft:sunflower":18,"minecraft:sand":46,"minecraft:dirt":6,"minecraft:gold_ore":4,"minecraft:oak_leaves":3},"minecraft:picked_up":{"minecraft:iron_chestplate":2,"minecraft:crafting_table":1,"minecraft:wheat":30,"minecraft:chicken":13,"minecraft:golden_pickaxe":1,"minecraft:shield":2,"minecraft:string":9,"minecraft:raw_copper":68,"minecraft:iron_axe":2,"minecraft:wooden_sword":1,"minecraft:flint_and_steel":1,"minecraft:beef":6,"minecraft:iron_pickaxe":2,"minecraft:enchanted_golden_apple":1,"minecraft:egg":3,"minecraft:raw_iron":64,"minecraft:stick":7,"minecraft:copper_ingot":34,"minecraft:torch":41,"minecraft:porkchop":13,"minecraft:golden_axe":1,"minecraft:cherry_log":16,"minecraft:diorite":6,"minecraft:rotten_flesh":16,"minecraft:arrow":10,"minecraft:mutton":2,"minecraft:white_wool":6,"minecraft:cobblestone":149,"minecraft:pink_petals":17,"minecraft:feather":27,"minecraft:cooked_beef":12,"minecraft:cherry_planks":100,"minecraft:andesite":10,"minecraft:salmon":12,"minecraft:leather":6,"minecraft:golden_leggings":1,"minecraft:potato":5,"minecraft:flint":7,"minecraft:oak_log":69,"minecraft:dirt":54,"minecraft:bone":3,"minecraft:wheat_seeds":170,"minecraft:raw_gold":4,"minecraft:cooked_chicken":7,"minecraft:iron_ingot":4,"minecraft:oak_planks":18,"minecraft:stone_hoe":3,"minecraft:iron_sword":2,"minecraft:cooked_porkchop":14,"minecraft:pumpkin":4,"minecraft:sand":46,"minecraft:spider_eye":3,"minecraft:pumpkin_seeds":6,"minecraft:coal_ore":9,"minecraft:granite":3,"minecraft:bone_meal":3,"minecraft:coal":281,"minecraft:sunflower":18},"minecraft:crafted":{"minecraft:cherry_planks":64,"minecraft:wooden_sword":1,"minecraft:oak_door":3,"minecraft:oak_planks":228,"minecraft:stone_shovel":1,"minecraft:cooked_chicken":10,"minecraft:furnace":3,"minecraft:glass_pane":16,"minecraft:glass":46,"minecraft:iron_boots":1,"minecraft:stone_pickaxe":1,"minecraft:chest":2,"minecraft:stone_hoe":1,"minecraft:oak_fence":33,"minecraft:cooked_beef":6,"minecraft:cooked_porkchop":10,"minecraft:crafting_table":3,"minecraft:iron_helmet":1,"minecraft:iron_sword":1,"minecraft:copper_ingot":25,"minecraft:bucket":1,"minecraft:pumpkin_seeds":4,"minecraft:bread":7,"minecraft:air":0,"minecraft:oak_fence_gate":2,"minecraft:iron_chestplate":1,"minecraft:shield":1,"minecraft:stick":64,"minecraft:iron_ingot":24,"minecraft:iron_pickaxe":2,"minecraft:white_bed":1,"minecraft:torch":108,"minecraft:shears":1},"minecraft:killed":{"minecraft:spider":5,"minecraft:skeleton":1,"minecraft:chicken":11,"minecraft:drowned":1,"minecraft:pig":5,"minecraft:salmon":4,"minecraft:creeper":1,"minecraft:sheep":1,"minecraft:zombie":7,"minecraft:cow":3},"minecraft:used":{"minecraft:oak_fence":30,"minecraft:flint_and_steel":2,"minecraft:stone_shovel":100,"minecraft:chest":2,"minecraft:shield":3,"minecraft:iron_sword":89,"minecraft:stone_hoe":665,"minecraft:cooked_chicken":3,"minecraft:oak_door":2,"minecraft:torch":57,"minecraft:dirt":21,"minecraft:oak_fence_gate":2,"minecraft:glass":12,"minecraft:coal_ore":9,"minecraft:iron_axe":45,"minecraft:furnace":3,"minecraft:egg":2,"minecraft:cooked_beef":2,"minecraft:potato":5,"minecraft:wheat_seeds":145,"minecraft:water_bucket":10,"minecraft:stone_pickaxe":79,"minecraft:oak_planks":123,"minecraft:cherry_planks":14,"minecraft:crafting_table":4,"minecraft:white_bed":1,"minecraft:pumpkin_seeds":4,"minecraft:oak_log":12,"minecraft:bread":2,"minecraft:iron_pickaxe":253,"minecraft:wooden_sword":1,"minecraft:cobblestone":22,"minecraft:cooked_porkchop":10,"minecraft:andesite":7,"minecraft:bucket":10,"minecraft:glass_pane":12,"minecraft:golden_pickaxe":9}},"DataVersion":3463}