{"stats":{"minecraft:killed":{"minecraft:spider":6,"minecraft:skeleton":2,"minecraft:chicken":12,"minecraft:drowned":1,"minecraft:pig":8,"minecraft:salmon":4,"minecraft:creeper":1,"minecraft:sheep":1,"minecraft:zombie":10,"minecraft:enderman":1,"minecraft:cow":3},"minecraft:mined":{"minecraft:attached_pumpkin_stem":1,"minecraft:cherry_log":16,"minecraft:dark_oak_log":40,"minecraft:mangrove_roots":1,"minecraft:granite":1,"minecraft:acacia_log":1,"minecraft:grass_block":47,"minecraft:spruce_leaves":12,"minecraft:oxeye_daisy":1,"minecraft:iron_ore":99,"minecraft:andesite":10,"minecraft:pumpkin":7,"minecraft:potatoes":13,"minecraft:bamboo":3,"minecraft:stone":135,"minecraft:dandelion":1,"minecraft:crafting_table":4,"minecraft:clay":18,"minecraft:cobblestone":3,"minecraft:glass":8,"minecraft:copper_ore":20,"minecraft:tall_grass":139,"minecraft:lapis_ore":2,"minecraft:sugar_cane":4,"minecraft:oak_planks":6,"minecraft:wall_torch":1,"minecraft:diorite":3,"minecraft:pink_petals":1,"minecraft:mud":1,"minecraft:wheat":116,"minecraft:spruce_log":5,"minecraft:grass":606,"minecraft:coal_ore":211,"minecraft:oak_log":37,"minecraft:cherry_leaves":6,"minecraft:sunflower":23,"minecraft:gravel":71,"minecraft:sand":341,"minecraft:dirt":6,"minecraft:gold_ore":11,"minecraft:oak_leaves":15},"minecraft:custom":{"minecraft:mob_kills":50,"minecraft:animals_bred":5,"minecraft:interact_with_crafting_table":69,"minecraft:leave_game":15,"minecraft:time_since_death":80012,"minecraft:sprint_one_cm":866840,"minecraft:walk_one_cm":1209446,"minecraft:damage_blocked_by_shield":630,"minecraft:drop":15,"minecraft:play_time":261553,"minecraft:deaths":3,"minecraft:sneak_time":5769,"minecraft:walk_under_water_one_cm":44599,"minecraft:boat_one_cm":244890,"minecraft:jump":2870,"minecraft:walk_on_water_one_cm":61069,"minecraft:total_world_time":261553,"minecraft:interact_with_furnace":44,"minecraft:sleep_in_bed":2,"minecraft:time_since_rest":80032,"minecraft:damage_taken":2090,"minecraft:damage_dealt":6716,"minecraft:swim_one_cm":786,"minecraft:fly_one_cm":233533,"minecraft:open_chest":100,"minecraft:crouch_one_cm":22805,"minecraft:fall_one_cm":62825},"minecraft:dropped":{"minecraft:stone_hoe":1,"minecraft:iron_ingot":2,"minecraft:wheat_seeds":10,"minecraft:golden_axe":1,"minecraft:granite":1,"minecraft:acacia_log":1,"minecraft:wooden_sword":1,"minecraft:sunflower":1,"minecraft:mud":1,"minecraft:pointed_dripstone":4},"minecraft:used":{"minecraft:oak_fence":30,"minecraft:flint_and_steel":2,"minecraft:stone_shovel":503,"minecraft:chest":3,"minecraft:shield":10,"minecraft:iron_sword":117,"minecraft:cooked_chicken":3,"minecraft:stone_hoe":875,"minecraft:oak_door":2,"minecraft:torch":88,"minecraft:dirt":21,"minecraft:oak_fence_gate":2,"minecraft:iron_hoe":5,"minecraft:glass":12,"minecraft:coal_ore":9,"minecraft:iron_axe":161,"minecraft:bamboo":5,"minecraft:furnace":3,"minecraft:egg":2,"minecraft:cooked_beef":2,"minecraft:potato":28,"minecraft:wheat_seeds":352,"minecraft:water_bucket":20,"minecraft:stone_pickaxe":127,"minecraft:oak_planks":142,"minecraft:cherry_planks":14,"minecraft:crafting_table":7,"minecraft:white_bed":1,"minecraft:pumpkin_seeds":4,"minecraft:oak_log":12,"minecraft:apple":1,"minecraft:bread":20,"minecraft:iron_pickaxe":367,"minecraft:spruce_sapling":2,"minecraft:wooden_sword":1,"minecraft:cobblestone":22,"minecraft:cooked_porkchop":10,"minecraft:bucket":20,"minecraft:andesite":7,"minecraft:glass_pane":12,"minecraft:oak_boat":1,"minecraft:bone_meal":7,"minecraft:golden_pickaxe":9},"minecraft:broken":{"minecraft:stone_hoe":2,"minecraft:stone_shovel":3},"minecraft:picked_up":{"minecraft:mud":1,"minecraft:crafting_table":4,"minecraft:iron_chestplate":3,"minecraft:wheat":106,"minecraft:chicken":14,"minecraft:clay_ball":72,"minecraft:golden_pickaxe":1,"minecraft:shield":3,"minecraft:string":11,"minecraft:raw_copper":68,"minecraft:iron_axe":3,"minecraft:wooden_sword":1,"minecraft:flint_and_steel":1,"minecraft:beef":6,"minecraft:oak_boat":1,"minecraft:iron_pickaxe":3,"minecraft:light_gray_wool":5,"minecraft:enchanted_golden_apple":1,"minecraft:sugar_cane":8,"minecraft:iron_boots":1,"minecraft:egg":4,"minecraft:stick":9,"minecraft:raw_iron":168,"minecraft:copper_ingot":34,"minecraft:torch":62,"minecraft:acacia_log":1,"minecraft:porkchop":19,"minecraft:golden_axe":2,"minecraft:cherry_log":16,"minecraft:pointed_dripstone":6,"minecraft:diorite":6,"minecraft:arrow":10,"minecraft:stone_shovel":1,"minecraft:rotten_flesh":20,"minecraft:shears":1,"minecraft:mutton":2,"minecraft:white_wool":12,"minecraft:cobblestone":204,"minecraft:pink_petals":18,"minecraft:feather":27,"minecraft:cooked_beef":12,"minecraft:cherry_planks":100,"minecraft:salmon":12,"minecraft:andesite":12,"minecraft:leather":6,"minecraft:golden_leggings":2,"minecraft:potato":28,"minecraft:flint":13,"minecraft:oak_log":101,"minecraft:lapis_lazuli":24,"minecraft:dirt":74,"minecraft:bone":7,"minecraft:apple":1,"minecraft:wheat_seeds":433,"minecraft:raw_gold":18,"minecraft:cooked_chicken":16,"minecraft:iron_ingot":4,"minecraft:stone_pickaxe":1,"minecraft:bamboo":17,"minecraft:oak_planks":63,"minecraft:iron_sword":3,"minecraft:stone_hoe":3,"minecraft:cooked_porkchop":14,"minecraft:pumpkin":7,"minecraft:dandelion":1,"minecraft:dripstone_block":2,"minecraft:gravel":64,"minecraft:sand":337,"minecraft:spruce_sapling":2,"minecraft:spruce_log":5,"minecraft:dark_oak_log":34,"minecraft:spider_eye":3,"minecraft:pumpkin_seeds":6,"minecraft:coal_ore":9,"minecraft:iron_helmet":1,"minecraft:granite":3,"minecraft:bone_meal":3,"minecraft:gray_wool":3,"minecraft:bread":2,"minecraft:oak_sapling":2,"minecraft:coal":409,"minecraft:sunflower":23,"minecraft:ender_pearl":2},"minecraft:crafted":{"minecraft:cherry_planks":64,"minecraft:wooden_sword":1,"minecraft:oak_door":3,"minecraft:oak_planks":292,"minecraft:stone_shovel":4,"minecraft:cooked_chicken":10,"minecraft:furnace":3,"minecraft:bone_meal":6,"minecraft:glass_pane":16,"minecraft:glass":46,"minecraft:iron_boots":2,"minecraft:iron_hoe":1,"minecraft:stone_pickaxe":1,"minecraft:chest":3,"minecraft:dark_oak_planks":4,"minecraft:stone_hoe":2,"minecraft:oak_fence":33,"minecraft:cooked_beef":6,"minecraft:cooked_porkchop":10,"minecraft:crafting_table":4,"minecraft:wooden_pickaxe":1,"minecraft:iron_helmet":1,"minecraft:iron_sword":2,"minecraft:copper_ingot":25,"minecraft:bucket":1,"minecraft:pumpkin_seeds":4,"minecraft:bread":30,"minecraft:air":0,"minecraft:oak_fence_gate":2,"minecraft:oak_boat":1,"minecraft:iron_chestplate":1,"minecraft:shield":2,"minecraft:stick":76,"minecraft:iron_ingot":63,"minecraft:iron_pickaxe":2,"minecraft:white_bed":1,"minecraft:torch":108,"minecraft:shears":1},"minecraft:killed_by":{"minecraft:creeper":1,"minecraft:enderman":1,"minecraft:skeleton":1}},"DataVersion":3463}