{"stats":{"minecraft:custom":{"minecraft:mob_kills":136,"minecraft:interact_with_crafting_table":28,"minecraft:leave_game":9,"minecraft:time_since_death":64384,"minecraft:sprint_one_cm":276147,"minecraft:walk_one_cm":311394,"minecraft:damage_blocked_by_shield":240,"minecraft:drop":44,"minecraft:talked_to_villager":1,"minecraft:play_time":122782,"minecraft:deaths":3,"minecraft:sneak_time":11227,"minecraft:walk_under_water_one_cm":33424,"minecraft:jump":3176,"minecraft:walk_on_water_one_cm":27546,"minecraft:total_world_time":122782,"minecraft:interact_with_furnace":88,"minecraft:time_since_rest":64411,"minecraft:damage_taken":2499,"minecraft:damage_dealt":13439,"minecraft:swim_one_cm":38028,"minecraft:fly_one_cm":1063943,"minecraft:open_chest":15,"minecraft:crouch_one_cm":28745,"minecraft:fall_one_cm":78465},"minecraft:killed_by":{"minecraft:skeleton":1,"minecraft:zombie":1},"minecraft:mined":{"minecraft:tuff":1,"minecraft:white_bed":1,"minecraft:deepslate_diamond_ore":2,"minecraft:sculk_vein":1,"minecraft:granite":1,"minecraft:grass_block":1,"minecraft:spruce_leaves":9,"minecraft:spawner":1,"minecraft:tall_seagrass":3,"minecraft:furnace":12,"minecraft:iron_ore":26,"minecraft:andesite":1,"minecraft:deepslate_iron_ore":29,"minecraft:stone":155,"minecraft:oak_fence":1,"minecraft:crafting_table":6,"minecraft:torch":3,"minecraft:cobblestone":23,"minecraft:deepslate_gold_ore":15,"minecraft:sugar_cane":2,"minecraft:oak_planks":8,"minecraft:sculk":35,"minecraft:wall_torch":10,"minecraft:pink_petals":4,"minecraft:seagrass":1,"minecraft:birch_log":66,"minecraft:spruce_log":115,"minecraft:birch_leaves":4,"minecraft:grass":9,"minecraft:oak_log":60,"minecraft:coal_ore":117,"minecraft:dirt":4,"minecraft:sand":2,"minecraft:gold_ore":1,"minecraft:oak_leaves":3,"minecraft:deepslate":10},"minecraft:dropped":{"minecraft:enchanted_book":1,"minecraft:oak_log":66,"minecraft:crafting_table":1,"minecraft:cooked_porkchop":10,"minecraft:cobblestone":2,"minecraft:leather":5,"minecraft:coal":42,"minecraft:dirt":14,"minecraft:cooked_salmon":1,"minecraft:string":3,"minecraft:gravel":1,"minecraft:stone_axe":3,"minecraft:stone_sword":2,"minecraft:cobbled_deepslate":11,"minecraft:raw_copper":3,"minecraft:rotten_flesh":22,"minecraft:oak_planks":1,"minecraft:potato":1,"minecraft:oak_sapling":4,"minecraft:arrow":2,"minecraft:stone_pickaxe":3,"minecraft:wooden_pickaxe":5},"minecraft:picked_up":{"minecraft:crafting_table":8,"minecraft:chicken":7,"minecraft:lead":2,"minecraft:wooden_pickaxe":3,"minecraft:enchanted_book":1,"minecraft:string":3,"minecraft:cooked_salmon":3,"minecraft:raw_copper":3,"minecraft:cobbled_deepslate":24,"minecraft:beef":17,"minecraft:light_gray_wool":1,"minecraft:sugar_cane":5,"minecraft:furnace":14,"minecraft:raw_iron":67,"minecraft:stick":5,"minecraft:oak_fence":1,"minecraft:torch":24,"minecraft:porkchop":36,"minecraft:stone_sword":1,"minecraft:arrow":6,"minecraft:rotten_flesh":37,"minecraft:mutton":56,"minecraft:white_wool":34,"minecraft:cobblestone":191,"minecraft:birch_log":65,"minecraft:pink_petals":9,"minecraft:feather":8,"minecraft:salmon":34,"minecraft:andesite":1,"minecraft:leather":13,"minecraft:potato":1,"minecraft:tuff":1,"minecraft:oak_log":159,"minecraft:gunpowder":1,"minecraft:dirt":35,"minecraft:cooked_mutton":1,"minecraft:bone":11,"minecraft:apple":1,"minecraft:raw_gold":16,"minecraft:iron_ingot":1,"minecraft:stone_pickaxe":2,"minecraft:rabbit":1,"minecraft:oak_planks":19,"minecraft:cooked_porkchop":8,"minecraft:gravel":1,"minecraft:spruce_sapling":2,"minecraft:white_bed":1,"minecraft:spruce_log":115,"minecraft:spider_eye":1,"minecraft:diamond":2,"minecraft:stone_axe":3,"minecraft:granite":1,"minecraft:bone_meal":3,"minecraft:gray_wool":3,"minecraft:oak_sapling":6,"minecraft:black_wool":2,"minecraft:coal":216},"minecraft:crafted":{"minecraft:oak_planks":84,"minecraft:cooked_chicken":4,"minecraft:furnace":3,"minecraft:cooked_mutton":26,"minecraft:iron_boots":1,"minecraft:iron_axe":1,"minecraft:stone_pickaxe":2,"minecraft:chest":1,"minecraft:cooked_rabbit":1,"minecraft:cooked_beef":7,"minecraft:cooked_porkchop":19,"minecraft:crafting_table":3,"minecraft:wooden_pickaxe":2,"minecraft:iron_helmet":2,"minecraft:iron_sword":2,"minecraft:cooked_salmon":32,"minecraft:stone_axe":2,"minecraft:air":0,"minecraft:iron_chestplate":1,"minecraft:shield":1,"minecraft:stick":40,"minecraft:iron_ingot":55,"minecraft:iron_pickaxe":2,"minecraft:stone_sword":1,"minecraft:iron_leggings":2,"minecraft:white_bed":2,"minecraft:torch":56},"minecraft:killed":{"minecraft:spider":1,"minecraft:skeleton":6,"minecraft:chicken":7,"minecraft:pig":19,"minecraft:zombie_villager":2,"minecraft:salmon":34,"minecraft:rabbit":1,"minecraft:creeper":3,"minecraft:sheep":35,"minecraft:trader_llama":1,"minecraft:zombie":18,"minecraft:cow":8},"minecraft:used":{"minecraft:oak_fence":1,"minecraft:stone_sword":32,"minecraft:chest":1,"minecraft:shield":4,"minecraft:iron_sword":144,"minecraft:cooked_chicken":2,"minecraft:cooked_salmon":9,"minecraft:rotten_flesh":13,"minecraft:iron_chestplate":1,"minecraft:torch":42,"minecraft:dirt":9,"minecraft:tuff":1,"minecraft:granite":1,"minecraft:iron_axe":216,"minecraft:grass_block":1,"minecraft:iron_helmet":2,"minecraft:oak_sapling":2,"minecraft:furnace":15,"minecraft:cobbled_deepslate":13,"minecraft:iron_leggings":1,"minecraft:cooked_mutton":8,"minecraft:stone_pickaxe":188,"minecraft:oak_planks":8,"minecraft:wooden_pickaxe":15,"minecraft:crafting_table":8,"minecraft:white_bed":3,"minecraft:apple":1,"minecraft:iron_pickaxe":240,"minecraft:stone_axe":118,"minecraft:pink_petals":9,"minecraft:cobblestone":49,"minecraft:cooked_porkchop":11,"minecraft:bone_meal":3}},"DataVersion":3463}