{"stats":{"minecraft:killed":{"minecraft:sheep":1,"minecraft:creeper":1},"minecraft:used":{"minecraft:dirt":4,"minecraft:grass_block":1},"minecraft:picked_up":{"minecraft:rotten_flesh":3,"minecraft:gunpowder":1,"minecraft:light_gray_wool":1,"minecraft:mutton":1},"minecraft:custom":{"minecraft:time_since_rest":13616,"minecraft:crouch_one_cm":1753,"minecraft:play_time":13616,"minecraft:sprint_one_cm":24939,"minecraft:damage_taken":40,"minecraft:walk_one_cm":11548,"minecraft:sneak_time":479,"minecraft:mob_kills":2,"minecraft:drop":3,"minecraft:jump":355,"minecraft:damage_dealt":350,"minecraft:leave_game":6,"minecraft:walk_on_water_one_cm":1647,"minecraft:time_since_death":13616,"minecraft:total_world_time":13616,"minecraft:fall_one_cm":418,"minecraft:fly_one_cm":170129},"minecraft:dropped":{"minecraft:rotten_flesh":3}},"DataVersion":3463}