{"stats":{"minecraft:killed":{"minecraft:sheep":1},"minecraft:picked_up":{"minecraft:light_gray_wool":1,"minecraft:rotten_flesh":3,"minecraft:mutton":1},"minecraft:used":{"minecraft:dirt":3,"minecraft:grass_block":1},"minecraft:custom":{"minecraft:jump":312,"minecraft:time_since_rest":12637,"minecraft:damage_dealt":150,"minecraft:damage_taken":40,"minecraft:crouch_one_cm":1753,"minecraft:leave_game":5,"minecraft:sprint_one_cm":23566,"minecraft:play_time":12637,"minecraft:time_since_death":12637,"minecraft:walk_on_water_one_cm":1647,"minecraft:walk_one_cm":10418,"minecraft:sneak_time":479,"minecraft:total_world_time":12637,"minecraft:mob_kills":1,"minecraft:drop":3,"minecraft:fall_one_cm":418,"minecraft:fly_one_cm":162796},"minecraft:dropped":{"minecraft:rotten_flesh":3}},"DataVersion":3463}