{"stats":{"minecraft:killed":{"minecraft:spider":12,"minecraft:cod":23,"minecraft:skeleton":17,"minecraft:chicken":7,"minecraft:pig":35,"minecraft:zombie_villager":4,"minecraft:salmon":34,"minecraft:rabbit":1,"minecraft:creeper":6,"minecraft:sheep":43,"minecraft:trader_llama":1,"minecraft:pillager":5,"minecraft:zombie":40,"minecraft:glow_squid":1,"minecraft:cow":10},"minecraft:mined":{"minecraft:tuff":70,"minecraft:spruce_planks":46,"minecraft:white_bed":2,"minecraft:deepslate_diamond_ore":12,"minecraft:sculk_vein":1,"minecraft:cherry_log":251,"minecraft:obsidian":2,"minecraft:granite":6,"minecraft:dark_oak_fence":1,"minecraft:budding_amethyst":1,"minecraft:grass_block":811,"minecraft:deepslate_bricks":4,"minecraft:cherry_wood":6,"minecraft:spruce_leaves":20,"minecraft:kelp":10,"minecraft:spawner":1,"minecraft:tall_seagrass":3,"minecraft:magma_block":20,"minecraft:furnace":13,"minecraft:iron_ore":123,"minecraft:fire":2,"minecraft:andesite":4,"minecraft:deepslate_lapis_ore":3,"minecraft:gold_block":3,"minecraft:deepslate_iron_ore":57,"minecraft:rail":98,"minecraft:oak_stairs":4,"minecraft:small_amethyst_bud":1,"minecraft:stone":566,"minecraft:white_banner":1,"minecraft:deepslate_redstone_ore":5,"minecraft:birch_stairs":2,"minecraft:cherry_planks":5,"minecraft:stripped_cherry_wood":2,"minecraft:kelp_plant":4,"minecraft:clay":1,"minecraft:oak_fence":1,"minecraft:crafting_table":9,"minecraft:torch":7,"minecraft:emerald_ore":1,"minecraft:calcite":131,"minecraft:lectern":1,"minecraft:glass":1,"minecraft:tall_grass":57,"minecraft:cobblestone":373,"minecraft:lapis_ore":1,"minecraft:deepslate_gold_ore":29,"minecraft:sugar_cane":2,"minecraft:oak_planks":8,"minecraft:sculk":35,"minecraft:diorite":6,"minecraft:wall_torch":19,"minecraft:amethyst_block":64,"minecraft:pink_petals":194,"minecraft:seagrass":1,"minecraft:birch_planks":4,"minecraft:dark_oak_door":1,"minecraft:birch_log":66,"minecraft:spruce_log":128,"minecraft:birch_leaves":4,"minecraft:grass":105,"minecraft:coal_ore":400,"minecraft:oak_log":60,"minecraft:cherry_leaves":65,"minecraft:sunflower":4,"minecraft:gravel":20,"minecraft:sand":263,"minecraft:dirt":347,"minecraft:smooth_basalt":11,"minecraft:netherrack":3,"minecraft:gold_ore":1,"minecraft:oak_leaves":3,"minecraft:deepslate":330},"minecraft:custom":{"minecraft:mob_kills":241,"minecraft:interact_with_crafting_table":59,"minecraft:leave_game":16,"minecraft:time_since_death":26209,"minecraft:sprint_one_cm":1104779,"minecraft:walk_one_cm":1186751,"minecraft:damage_blocked_by_shield":540,"minecraft:drop":165,"minecraft:talked_to_villager":1,"minecraft:play_time":486490,"minecraft:deaths":7,"minecraft:sneak_time":46320,"minecraft:walk_under_water_one_cm":57154,"minecraft:boat_one_cm":150750,"minecraft:jump":11274,"minecraft:walk_on_water_one_cm":52304,"minecraft:total_world_time":486490,"minecraft:interact_with_furnace":122,"minecraft:sleep_in_bed":11,"minecraft:time_since_rest":25618,"minecraft:damage_taken":7698,"minecraft:damage_dealt":28113,"minecraft:swim_one_cm":98047,"minecraft:fly_one_cm":4061365,"minecraft:player_kills":1,"minecraft:open_chest":100,"minecraft:crouch_one_cm":171602,"minecraft:fall_one_cm":277445},"minecraft:dropped":{"minecraft:enchanted_book":1,"minecraft:iron_ingot":2,"minecraft:birch_planks":4,"minecraft:wheat_seeds":12,"minecraft:cooked_beef":26,"minecraft:oak_log":66,"minecraft:dripstone_block":1,"minecraft:crafting_table":2,"minecraft:cooked_porkchop":10,"minecraft:golden_axe":1,"minecraft:cobblestone":4,"minecraft:leather":5,"minecraft:amethyst_block":18,"minecraft:granite":4,"minecraft:stripped_cherry_wood":1,"minecraft:coal":83,"minecraft:flint":2,"minecraft:emerald":2,"minecraft:dirt":77,"minecraft:diorite":6,"minecraft:cooked_salmon":1,"minecraft:bone_meal":1,"minecraft:string":7,"minecraft:pink_petals":952,"minecraft:smooth_basalt":1,"minecraft:bone":4,"minecraft:polished_deepslate":4,"minecraft:redstone":20,"minecraft:gravel":11,"minecraft:stone_axe":3,"minecraft:cherry_stairs":1,"minecraft:stone_sword":2,"minecraft:cobbled_deepslate":14,"minecraft:raw_copper":3,"minecraft:deepslate":9,"minecraft:tuff":4,"minecraft:rotten_flesh":24,"minecraft:oak_planks":1,"minecraft:potato":1,"minecraft:oak_sapling":4,"minecraft:spider_eye":2,"minecraft:wooden_pickaxe":5,"minecraft:calcite":1,"minecraft:arrow":4,"minecraft:stone_pickaxe":4},"minecraft:used":{"minecraft:cherry_boat":3,"minecraft:oak_fence":1,"minecraft:cherry_sapling":9,"minecraft:cherry_wood":65,"minecraft:stone_sword":32,"minecraft:chest":4,"minecraft:spruce_planks":46,"minecraft:shield":9,"minecraft:iron_sword":297,"minecraft:stone":2,"minecraft:cooked_chicken":2,"minecraft:rotten_flesh":15,"minecraft:cooked_salmon":9,"minecraft:iron_chestplate":1,"minecraft:torch":148,"minecraft:spyglass":31,"minecraft:dirt":554,"minecraft:tuff":2,"minecraft:granite":1,"minecraft:glass":84,"minecraft:wooden_axe":16,"minecraft:iron_axe":463,"minecraft:grass_block":202,"minecraft:iron_helmet":2,"minecraft:magma_block":21,"minecraft:bow":4,"minecraft:oak_sapling":2,"minecraft:furnace":16,"minecraft:cooked_beef":9,"minecraft:cobbled_deepslate":15,"minecraft:cherry_log":131,"minecraft:iron_leggings":1,"minecraft:cooked_mutton":47,"minecraft:birch_planks":1,"minecraft:stone_pickaxe":368,"minecraft:oak_planks":9,"minecraft:wooden_pickaxe":15,"minecraft:cherry_planks":5,"minecraft:diamond_axe":263,"minecraft:cobblestone_slab":47,"minecraft:deepslate_bricks":65,"minecraft:crafting_table":12,"minecraft:cod":15,"minecraft:white_bed":4,"minecraft:diamond_pickaxe":990,"minecraft:apple":1,"minecraft:diamond_shovel":1444,"minecraft:sunflower":3,"minecraft:bread":2,"minecraft:iron_pickaxe":1064,"minecraft:spruce_sapling":4,"minecraft:gravel":6,"minecraft:porkchop":13,"minecraft:stone_axe":118,"minecraft:pink_petals":17,"minecraft:dark_oak_fence":1,"minecraft:cobblestone":1868,"minecraft:white_banner":1,"minecraft:andesite":3,"minecraft:cooked_porkchop":28,"minecraft:bone_meal":12},"minecraft:broken":{"minecraft:stone_pickaxe":1,"minecraft:iron_axe":2,"minecraft:iron_sword":1,"minecraft:iron_pickaxe":4},"minecraft:picked_up":{"minecraft:iron_chestplate":6,"minecraft:crafting_table":16,"minecraft:chicken":7,"minecraft:lead":8,"minecraft:wooden_pickaxe":3,"minecraft:oak_stairs":12,"minecraft:cooked_rabbit":3,"minecraft:gold_block":11,"minecraft:enchanted_book":1,"minecraft:shield":4,"minecraft:amethyst_block":18,"minecraft:string":19,"minecraft:cooked_salmon":39,"minecraft:iron_axe":4,"minecraft:raw_copper":3,"minecraft:iron_leggings":6,"minecraft:cherry_boat":3,"minecraft:detector_rail":3,"minecraft:cobbled_deepslate":1337,"minecraft:spruce_planks":98,"minecraft:beef":19,"minecraft:calcite":997,"minecraft:iron_pickaxe":2,"minecraft:light_gray_wool":1,"minecraft:lectern":1,"minecraft:sugar_cane":20,"minecraft:furnace":19,"minecraft:iron_boots":6,"minecraft:dark_oak_door":3,"minecraft:stick":337,"minecraft:raw_iron":370,"minecraft:cherry_stairs":1,"minecraft:oak_fence":1,"minecraft:torch":127,"minecraft:porkchop":66,"minecraft:golden_axe":1,"minecraft:cherry_log":690,"minecraft:diorite":6,"minecraft:redstone":80,"minecraft:stone_sword":1,"minecraft:arrow":51,"minecraft:rotten_flesh":79,"minecraft:deepslate_bricks":18,"minecraft:mutton":68,"minecraft:obsidian":2,"minecraft:cod":23,"minecraft:white_wool":114,"minecraft:rail":384,"minecraft:cobblestone":1380,"minecraft:birch_log":257,"minecraft:pink_petals":1260,"minecraft:magma_block":20,"minecraft:feather":32,"minecraft:cooked_beef":69,"minecraft:cherry_planks":14,"minecraft:glow_ink_sac":18,"minecraft:andesite":4,"minecraft:salmon":34,"minecraft:leather":37,"minecraft:potato":4,"minecraft:birch_planks":5,"minecraft:flint":4,"minecraft:tuff":262,"minecraft:oak_log":237,"minecraft:gunpowder":18,"minecraft:lapis_lazuli":109,"minecraft:dirt":3032,"minecraft:white_banner":2,"minecraft:cooked_mutton":55,"minecraft:bone":68,"minecraft:apple":1,"minecraft:kelp":12,"minecraft:bow":4,"minecraft:wheat_seeds":98,"minecraft:raw_gold":84,"minecraft:stone_pickaxe":3,"minecraft:iron_ingot":3,"minecraft:cooked_chicken":12,"minecraft:rabbit":1,"minecraft:powered_rail":12,"minecraft:oak_planks":20,"minecraft:iron_sword":3,"minecraft:smooth_basalt":27,"minecraft:cooked_porkchop":50,"minecraft:spyglass":3,"minecraft:dripstone_block":1,"minecraft:gravel":33,"minecraft:birch_stairs":6,"minecraft:sand":256,"minecraft:stripped_cherry_wood":3,"minecraft:spruce_sapling":10,"minecraft:white_bed":2,"minecraft:spruce_log":391,"minecraft:spider_eye":3,"minecraft:diamond_shovel":4,"minecraft:deepslate":9,"minecraft:diamond":36,"minecraft:stone_axe":6,"minecraft:iron_helmet":6,"minecraft:cherry_wood":25,"minecraft:diamond_axe":1,"minecraft:granite":6,"minecraft:cherry_sapling":463,"minecraft:bone_meal":4,"minecraft:golden_apple":3,"minecraft:gray_wool":12,"minecraft:emerald":2,"minecraft:oak_sapling":6,"minecraft:netherrack":2,"minecraft:black_wool":8,"minecraft:dark_oak_fence":1,"minecraft:coal":1008,"minecraft:diamond_pickaxe":4,"minecraft:sunflower":3},"minecraft:crafted":{"minecraft:cherry_planks":36,"minecraft:oak_planks":92,"minecraft:cobblestone_slab":48,"minecraft:cherry_wood":78,"minecraft:cooked_chicken":6,"minecraft:furnace":4,"minecraft:cherry_boat":1,"minecraft:bone_meal":9,"minecraft:diamond_shovel":1,"minecraft:cooked_mutton":49,"minecraft:iron_boots":1,"minecraft:polished_deepslate":120,"minecraft:iron_axe":2,"minecraft:stone_pickaxe":4,"minecraft:chest":4,"minecraft:cooked_rabbit":1,"minecraft:cooked_beef":17,"minecraft:deepslate":9,"minecraft:cooked_porkchop":32,"minecraft:diamond_axe":1,"minecraft:crafting_table":6,"minecraft:spruce_planks":88,"minecraft:wooden_pickaxe":2,"minecraft:iron_helmet":2,"minecraft:iron_sword":2,"minecraft:cooked_salmon":32,"minecraft:birch_planks":4,"minecraft:stone_axe":3,"minecraft:air":0,"minecraft:iron_chestplate":1,"minecraft:diamond_pickaxe":1,"minecraft:shield":2,"minecraft:stick":96,"minecraft:iron_pickaxe":5,"minecraft:iron_ingot":62,"minecraft:wooden_axe":1,"minecraft:stone_sword":1,"minecraft:iron_leggings":2,"minecraft:white_bed":2,"minecraft:torch":184,"minecraft:deepslate_bricks":116},"minecraft:killed_by":{"minecraft:skeleton":2,"minecraft:zombie":2,"minecraft:phantom":1}},"DataVersion":3463}