{"stats":{"minecraft:custom":{"minecraft:jump":181,"minecraft:time_since_rest":6709,"minecraft:crouch_one_cm":20,"minecraft:walk_on_water_one_cm":742,"minecraft:play_time":6709,"minecraft:leave_game":2,"minecraft:sprint_one_cm":12193,"minecraft:damage_taken":40,"minecraft:time_since_death":6709,"minecraft:walk_one_cm":2218,"minecraft:sneak_time":7,"minecraft:total_world_time":6709,"minecraft:drop":3,"minecraft:fall_one_cm":418,"minecraft:fly_one_cm":104319},"minecraft:dropped":{"minecraft:rotten_flesh":3},"minecraft:picked_up":{"minecraft:rotten_flesh":3}},"DataVersion":3463}