{"stats":{"minecraft:custom":{"minecraft:mob_kills":183,"minecraft:interact_with_crafting_table":53,"minecraft:leave_game":13,"minecraft:time_since_death":33989,"minecraft:sprint_one_cm":745276,"minecraft:walk_one_cm":792915,"minecraft:damage_blocked_by_shield":540,"minecraft:drop":131,"minecraft:talked_to_villager":1,"minecraft:play_time":299289,"minecraft:deaths":6,"minecraft:sneak_time":32481,"minecraft:walk_under_water_one_cm":35521,"minecraft:jump":7530,"minecraft:walk_on_water_one_cm":42988,"minecraft:total_world_time":299289,"minecraft:interact_with_furnace":111,"minecraft:sleep_in_bed":10,"minecraft:time_since_rest":34013,"minecraft:damage_taken":5824,"minecraft:damage_dealt":22644,"minecraft:fly_one_cm":2360827,"minecraft:swim_one_cm":49582,"minecraft:player_kills":1,"minecraft:open_chest":67,"minecraft:crouch_one_cm":127440,"minecraft:fall_one_cm":204040},"minecraft:killed_by":{"minecraft:skeleton":2,"minecraft:zombie":2},"minecraft:broken":{"minecraft:stone_pickaxe":1,"minecraft:iron_axe":1,"minecraft:iron_sword":1,"minecraft:iron_pickaxe":4},"minecraft:mined":{"minecraft:tuff":70,"minecraft:white_bed":2,"minecraft:deepslate_diamond_ore":12,"minecraft:sculk_vein":1,"minecraft:cherry_log":136,"minecraft:budding_amethyst":1,"minecraft:granite":5,"minecraft:grass_block":508,"minecraft:spruce_leaves":9,"minecraft:spawner":1,"minecraft:tall_seagrass":3,"minecraft:furnace":13,"minecraft:iron_ore":51,"minecraft:fire":1,"minecraft:andesite":1,"minecraft:deepslate_lapis_ore":3,"minecraft:gold_block":2,"minecraft:oak_stairs":4,"minecraft:deepslate_iron_ore":57,"minecraft:rail":98,"minecraft:small_amethyst_bud":1,"minecraft:stone":379,"minecraft:deepslate_redstone_ore":5,"minecraft:birch_stairs":2,"minecraft:cherry_planks":5,"minecraft:oak_fence":1,"minecraft:crafting_table":9,"minecraft:torch":5,"minecraft:emerald_ore":1,"minecraft:calcite":131,"minecraft:glass":1,"minecraft:tall_grass":54,"minecraft:cobblestone":243,"minecraft:deepslate_gold_ore":29,"minecraft:sugar_cane":2,"minecraft:oak_planks":8,"minecraft:sculk":35,"minecraft:diorite":6,"minecraft:wall_torch":18,"minecraft:amethyst_block":56,"minecraft:pink_petals":140,"minecraft:seagrass":1,"minecraft:dark_oak_door":1,"minecraft:birch_log":66,"minecraft:spruce_log":115,"minecraft:birch_leaves":4,"minecraft:grass":77,"minecraft:coal_ore":247,"minecraft:oak_log":60,"minecraft:cherry_leaves":42,"minecraft:sunflower":4,"minecraft:gravel":18,"minecraft:sand":2,"minecraft:dirt":226,"minecraft:smooth_basalt":11,"minecraft:netherrack":1,"minecraft:gold_ore":1,"minecraft:oak_leaves":3,"minecraft:deepslate":330},"minecraft:dropped":{"minecraft:iron_ingot":2,"minecraft:enchanted_book":1,"minecraft:wheat_seeds":3,"minecraft:oak_log":66,"minecraft:crafting_table":2,"minecraft:dripstone_block":1,"minecraft:cooked_porkchop":10,"minecraft:cobblestone":2,"minecraft:leather":5,"minecraft:amethyst_block":17,"minecraft:granite":4,"minecraft:coal":83,"minecraft:flint":2,"minecraft:emerald":2,"minecraft:dirt":77,"minecraft:diorite":6,"minecraft:cooked_salmon":1,"minecraft:string":7,"minecraft:pink_petals":638,"minecraft:smooth_basalt":1,"minecraft:bone":3,"minecraft:polished_deepslate":4,"minecraft:redstone":20,"minecraft:gravel":10,"minecraft:stone_axe":3,"minecraft:cherry_stairs":1,"minecraft:stone_sword":2,"minecraft:cobbled_deepslate":11,"minecraft:raw_copper":3,"minecraft:tuff":4,"minecraft:rotten_flesh":24,"minecraft:oak_planks":1,"minecraft:potato":1,"minecraft:oak_sapling":4,"minecraft:spider_eye":2,"minecraft:wooden_pickaxe":5,"minecraft:arrow":4,"minecraft:stone_pickaxe":4,"minecraft:calcite":1},"minecraft:picked_up":{"minecraft:crafting_table":14,"minecraft:iron_chestplate":3,"minecraft:chicken":7,"minecraft:lead":2,"minecraft:wooden_pickaxe":3,"minecraft:oak_stairs":4,"minecraft:gold_block":6,"minecraft:enchanted_book":1,"minecraft:shield":2,"minecraft:amethyst_block":17,"minecraft:string":10,"minecraft:raw_copper":3,"minecraft:iron_axe":2,"minecraft:cooked_salmon":3,"minecraft:iron_leggings":3,"minecraft:detector_rail":1,"minecraft:cobbled_deepslate":590,"minecraft:beef":17,"minecraft:calcite":281,"minecraft:iron_pickaxe":2,"minecraft:light_gray_wool":1,"minecraft:sugar_cane":5,"minecraft:furnace":17,"minecraft:iron_boots":3,"minecraft:dark_oak_door":1,"minecraft:stick":102,"minecraft:raw_iron":200,"minecraft:cherry_stairs":1,"minecraft:oak_fence":1,"minecraft:torch":41,"minecraft:porkchop":36,"minecraft:cherry_log":137,"minecraft:diorite":6,"minecraft:redstone":50,"minecraft:stone_sword":1,"minecraft:arrow":19,"minecraft:rotten_flesh":49,"minecraft:mutton":56,"minecraft:rail":192,"minecraft:white_wool":34,"minecraft:cobblestone":747,"minecraft:birch_log":65,"minecraft:pink_petals":655,"minecraft:feather":8,"minecraft:cherry_planks":5,"minecraft:glow_ink_sac":9,"minecraft:salmon":34,"minecraft:andesite":1,"minecraft:leather":13,"minecraft:potato":2,"minecraft:flint":4,"minecraft:tuff":134,"minecraft:oak_log":159,"minecraft:gunpowder":5,"minecraft:lapis_lazuli":46,"minecraft:dirt":788,"minecraft:white_banner":1,"minecraft:cooked_mutton":16,"minecraft:bone":25,"minecraft:apple":1,"minecraft:bow":1,"minecraft:wheat_seeds":24,"minecraft:raw_gold":32,"minecraft:stone_pickaxe":3,"minecraft:iron_ingot":3,"minecraft:rabbit":1,"minecraft:powered_rail":4,"minecraft:oak_planks":20,"minecraft:iron_sword":3,"minecraft:smooth_basalt":13,"minecraft:cooked_porkchop":38,"minecraft:spyglass":1,"minecraft:dripstone_block":1,"minecraft:gravel":26,"minecraft:birch_stairs":2,"minecraft:spruce_sapling":2,"minecraft:white_bed":2,"minecraft:spruce_log":115,"minecraft:spider_eye":3,"minecraft:diamond":19,"minecraft:stone_axe":3,"minecraft:iron_helmet":3,"minecraft:granite":5,"minecraft:cherry_sapling":95,"minecraft:bone_meal":3,"minecraft:golden_apple":1,"minecraft:gray_wool":3,"minecraft:emerald":2,"minecraft:oak_sapling":6,"minecraft:black_wool":2,"minecraft:coal":433,"minecraft:sunflower":3,"minecraft:diamond_pickaxe":1},"minecraft:crafted":{"minecraft:cherry_planks":8,"minecraft:oak_planks":92,"minecraft:cooked_chicken":6,"minecraft:furnace":4,"minecraft:diamond_shovel":1,"minecraft:cooked_mutton":49,"minecraft:iron_boots":1,"minecraft:polished_deepslate":4,"minecraft:iron_axe":2,"minecraft:stone_pickaxe":4,"minecraft:chest":4,"minecraft:cooked_rabbit":1,"minecraft:cooked_beef":17,"minecraft:cooked_porkchop":32,"minecraft:crafting_table":5,"minecraft:spruce_planks":36,"minecraft:wooden_pickaxe":2,"minecraft:iron_helmet":2,"minecraft:iron_sword":2,"minecraft:cooked_salmon":32,"minecraft:birch_planks":4,"minecraft:stone_axe":3,"minecraft:air":0,"minecraft:iron_chestplate":1,"minecraft:diamond_pickaxe":1,"minecraft:shield":2,"minecraft:stick":64,"minecraft:iron_ingot":62,"minecraft:iron_pickaxe":5,"minecraft:wooden_axe":1,"minecraft:stone_sword":1,"minecraft:iron_leggings":2,"minecraft:white_bed":2,"minecraft:torch":176},"minecraft:killed":{"minecraft:spider":11,"minecraft:skeleton":16,"minecraft:chicken":7,"minecraft:pig":19,"minecraft:zombie_villager":4,"minecraft:salmon":34,"minecraft:rabbit":1,"minecraft:creeper":5,"minecraft:sheep":35,"minecraft:trader_llama":1,"minecraft:pillager":2,"minecraft:zombie":37,"minecraft:glow_squid":1,"minecraft:cow":8},"minecraft:used":{"minecraft:oak_fence":1,"minecraft:cherry_sapling":9,"minecraft:stone_sword":32,"minecraft:chest":4,"minecraft:shield":9,"minecraft:iron_sword":297,"minecraft:cooked_salmon":9,"minecraft:cooked_chicken":2,"minecraft:rotten_flesh":13,"minecraft:iron_chestplate":1,"minecraft:torch":140,"minecraft:dirt":151,"minecraft:spyglass":25,"minecraft:tuff":2,"minecraft:granite":1,"minecraft:wooden_axe":16,"minecraft:iron_axe":394,"minecraft:grass_block":1,"minecraft:iron_helmet":2,"minecraft:bow":4,"minecraft:furnace":16,"minecraft:oak_sapling":2,"minecraft:cobbled_deepslate":15,"minecraft:iron_leggings":1,"minecraft:cooked_mutton":37,"minecraft:stone_pickaxe":368,"minecraft:oak_planks":9,"minecraft:wooden_pickaxe":15,"minecraft:cherry_planks":5,"minecraft:crafting_table":11,"minecraft:white_bed":4,"minecraft:diamond_pickaxe":396,"minecraft:apple":1,"minecraft:diamond_shovel":741,"minecraft:sunflower":3,"minecraft:bread":2,"minecraft:iron_pickaxe":1064,"minecraft:gravel":6,"minecraft:stone_axe":118,"minecraft:pink_petals":17,"minecraft:cobblestone":379,"minecraft:white_banner":1,"minecraft:cooked_porkchop":28,"minecraft:bone_meal":3}},"DataVersion":3463}