{"stats":{"minecraft:custom":{"minecraft:mob_kills":60,"minecraft:interact_with_crafting_table":57,"minecraft:leave_game":2,"minecraft:time_since_death":135249,"minecraft:sprint_one_cm":625573,"minecraft:walk_one_cm":1109938,"minecraft:damage_blocked_by_shield":975,"minecraft:drop":39,"minecraft:talked_to_villager":1,"minecraft:play_time":264293,"minecraft:deaths":2,"minecraft:sneak_time":2546,"minecraft:walk_under_water_one_cm":9528,"minecraft:jump":3266,"minecraft:walk_on_water_one_cm":11141,"minecraft:total_world_time":264293,"minecraft:interact_with_furnace":107,"minecraft:sleep_in_bed":13,"minecraft:time_since_rest":25,"minecraft:damage_taken":2598,"minecraft:damage_dealt":7325,"minecraft:player_kills":1,"minecraft:swim_one_cm":30808,"minecraft:fly_one_cm":547220,"minecraft:open_chest":130,"minecraft:crouch_one_cm":7407,"minecraft:fall_one_cm":71040},"minecraft:killed_by":{"minecraft:creeper":1,"minecraft:skeleton":1},"minecraft:broken":{"minecraft:iron_shovel":4,"minecraft:stone_pickaxe":1,"minecraft:iron_pickaxe":5},"minecraft:dropped":{"minecraft:porkchop":4,"minecraft:wheat_seeds":2,"minecraft:oak_log":197,"minecraft:diamond":64,"minecraft:crafting_table":1,"minecraft:cooked_porkchop":3,"minecraft:cobblestone":64,"minecraft:book":1,"minecraft:dark_oak_log":2,"minecraft:mutton":5,"minecraft:sunflower":4,"minecraft:iron_axe":1,"minecraft:iron_pickaxe":1,"minecraft:iron_shovel":1,"minecraft:string":1,"minecraft:birch_log":2,"minecraft:stone_axe":2,"minecraft:rotten_flesh":3,"minecraft:netherite_leggings":1,"minecraft:stone":64,"minecraft:oak_sapling":4,"minecraft:spruce_log":2,"minecraft:stone_pickaxe":1,"minecraft:wooden_pickaxe":2},"minecraft:mined":{"minecraft:white_bed":1,"minecraft:deepslate_diamond_ore":5,"minecraft:sculk_vein":1,"minecraft:cherry_log":28,"minecraft:grass_block":877,"minecraft:sculk_catalyst":1,"minecraft:furnace":9,"minecraft:iron_ore":33,"minecraft:deepslate_lapis_ore":4,"minecraft:azure_bluet":2,"minecraft:sculk_shrieker":1,"minecraft:dirt_path":3,"minecraft:deepslate_iron_ore":53,"minecraft:stone":930,"minecraft:cherry_stairs":45,"minecraft:deepslate_redstone_ore":7,"minecraft:dandelion":3,"minecraft:crafting_table":7,"minecraft:torch":1,"minecraft:poppy":1,"minecraft:chest":5,"minecraft:glass":1,"minecraft:cobblestone":273,"minecraft:tall_grass":23,"minecraft:deepslate_gold_ore":19,"minecraft:oak_planks":100,"minecraft:sculk":21,"minecraft:wall_torch":5,"minecraft:pink_petals":116,"minecraft:birch_planks":4,"minecraft:grass":124,"minecraft:oak_log":57,"minecraft:coal_ore":35,"minecraft:sand":63,"minecraft:dirt":499,"minecraft:sunflower":1,"minecraft:gravel":1,"minecraft:cobweb":3,"minecraft:gold_ore":1,"minecraft:deepslate":29},"minecraft:picked_up":{"minecraft:crafting_table":9,"minecraft:iron_chestplate":1,"minecraft:azure_bluet":1,"minecraft:chicken":6,"minecraft:wooden_pickaxe":2,"minecraft:shield":1,"minecraft:cornflower":1,"minecraft:string":8,"minecraft:iron_axe":2,"minecraft:iron_leggings":1,"minecraft:iron_shovel":2,"minecraft:cobbled_deepslate":27,"minecraft:bucket":2,"minecraft:beef":7,"minecraft:poppy":1,"minecraft:iron_pickaxe":2,"minecraft:chest":5,"minecraft:iron_boots":1,"minecraft:furnace":9,"minecraft:raw_iron":83,"minecraft:stick":4,"minecraft:cherry_stairs":45,"minecraft:stone":64,"minecraft:torch":33,"minecraft:porkchop":13,"minecraft:cherry_log":50,"minecraft:redstone":31,"minecraft:arrow":9,"minecraft:rotten_flesh":9,"minecraft:gold_ingot":4,"minecraft:mutton":31,"minecraft:white_wool":23,"minecraft:cobblestone":1230,"minecraft:birch_log":194,"minecraft:pink_petals":751,"minecraft:feather":1,"minecraft:cooked_beef":3,"minecraft:leather":11,"minecraft:birch_planks":4,"minecraft:tuff":4,"minecraft:oak_log":254,"minecraft:netherite_leggings":1,"minecraft:lapis_lazuli":26,"minecraft:dirt":1324,"minecraft:bone":9,"minecraft:wheat_seeds":43,"minecraft:raw_gold":20,"minecraft:stone_pickaxe":1,"minecraft:cooked_chicken":3,"minecraft:oak_planks":121,"minecraft:iron_sword":1,"minecraft:book":1,"minecraft:cooked_porkchop":3,"minecraft:dandelion":5,"minecraft:gravel":1,"minecraft:sand":63,"minecraft:white_bed":1,"minecraft:spruce_log":2,"minecraft:dark_oak_log":66,"minecraft:diamond":5,"minecraft:stone_axe":1,"minecraft:iron_helmet":1,"minecraft:cherry_sapling":6,"minecraft:gray_wool":1,"minecraft:emerald":1,"minecraft:oak_sapling":7,"minecraft:coal":108,"minecraft:sunflower":13},"minecraft:crafted":{"minecraft:cherry_planks":88,"minecraft:oak_door":3,"minecraft:oak_planks":156,"minecraft:cooked_chicken":5,"minecraft:furnace":3,"minecraft:cooked_mutton":26,"minecraft:glass":63,"minecraft:dark_oak_fence":72,"minecraft:iron_boots":1,"minecraft:iron_axe":2,"minecraft:cherry_stairs":40,"minecraft:stone_pickaxe":2,"minecraft:chest":4,"minecraft:dark_oak_planks":256,"minecraft:cooked_beef":1,"minecraft:cooked_porkchop":9,"minecraft:crafting_table":2,"minecraft:wooden_pickaxe":2,"minecraft:iron_helmet":1,"minecraft:iron_sword":1,"minecraft:birch_planks":512,"minecraft:stone_axe":2,"minecraft:air":0,"minecraft:iron_chestplate":1,"minecraft:shield":1,"minecraft:stick":140,"minecraft:iron_ingot":92,"minecraft:iron_pickaxe":5,"minecraft:stone_sword":1,"minecraft:iron_shovel":7,"minecraft:iron_leggings":1,"minecraft:white_bed":2,"minecraft:torch":124,"minecraft:birch_stairs":40},"minecraft:killed":{"minecraft:spider":3,"minecraft:skeleton":8,"minecraft:chicken":7,"minecraft:pig":5,"minecraft:wandering_trader":1,"minecraft:sheep":18,"minecraft:trader_llama":1,"minecraft:zombie":13,"minecraft:cow":4},"minecraft:used":{"minecraft:stone_sword":5,"minecraft:iron_shovel":1432,"minecraft:chest":9,"minecraft:shield":11,"minecraft:iron_sword":119,"minecraft:cooked_chicken":6,"minecraft:oak_door":2,"minecraft:torch":141,"minecraft:dirt":301,"minecraft:tuff":1,"minecraft:glass":63,"minecraft:iron_axe":203,"minecraft:furnace":11,"minecraft:cooked_beef":4,"minecraft:cherry_log":6,"minecraft:cooked_mutton":17,"minecraft:birch_planks":347,"minecraft:stone_pickaxe":139,"minecraft:oak_planks":104,"minecraft:wooden_pickaxe":40,"minecraft:crafting_table":8,"minecraft:white_bed":2,"minecraft:bread":3,"minecraft:iron_pickaxe":1259,"minecraft:gravel":1,"minecraft:stone_axe":84,"minecraft:cherry_stairs":45,"minecraft:cobblestone":889,"minecraft:dark_oak_fence":52,"minecraft:cooked_porkchop":9,"minecraft:birch_stairs":36}},"DataVersion":3463}