{"stats":{"minecraft:custom":{"minecraft:interact_with_furnace":84,"minecraft:mob_kills":52,"minecraft:interact_with_crafting_table":30,"minecraft:leave_game":1,"minecraft:time_since_death":104903,"minecraft:sleep_in_bed":3,"minecraft:time_since_rest":892,"minecraft:sprint_one_cm":269711,"minecraft:damage_taken":1580,"minecraft:walk_one_cm":354802,"minecraft:damage_blocked_by_shield":915,"minecraft:drop":21,"minecraft:damage_dealt":6126,"minecraft:talked_to_villager":1,"minecraft:player_kills":1,"minecraft:swim_one_cm":30808,"minecraft:fly_one_cm":309655,"minecraft:open_chest":27,"minecraft:crouch_one_cm":5166,"minecraft:play_time":115440,"minecraft:deaths":1,"minecraft:sneak_time":1922,"minecraft:walk_under_water_one_cm":9528,"minecraft:jump":1973,"minecraft:walk_on_water_one_cm":11141,"minecraft:total_world_time":115440,"minecraft:fall_one_cm":46627},"minecraft:killed_by":{"minecraft:skeleton":1},"minecraft:dropped":{"minecraft:stone_axe":2,"minecraft:porkchop":4,"minecraft:diamond":64,"minecraft:crafting_table":1,"minecraft:cooked_porkchop":3,"minecraft:cobblestone":64,"minecraft:rotten_flesh":3,"minecraft:book":1,"minecraft:netherite_leggings":1,"minecraft:stone":64,"minecraft:mutton":5,"minecraft:oak_sapling":4,"minecraft:stone_pickaxe":1,"minecraft:wooden_pickaxe":2,"minecraft:iron_pickaxe":1,"minecraft:string":1},"minecraft:mined":{"minecraft:deepslate_redstone_ore":7,"minecraft:deepslate_diamond_ore":5,"minecraft:cherry_log":22,"minecraft:sculk_vein":1,"minecraft:crafting_table":6,"minecraft:torch":1,"minecraft:grass_block":64,"minecraft:chest":1,"minecraft:tall_grass":21,"minecraft:cobblestone":7,"minecraft:deepslate_gold_ore":19,"minecraft:oak_planks":18,"minecraft:sculk":21,"minecraft:wall_torch":1,"minecraft:pink_petals":96,"minecraft:sculk_catalyst":1,"minecraft:furnace":7,"minecraft:iron_ore":21,"minecraft:deepslate_lapis_ore":4,"minecraft:grass":92,"minecraft:sculk_shrieker":1,"minecraft:coal_ore":34,"minecraft:oak_log":57,"minecraft:deepslate_iron_ore":53,"minecraft:gravel":1,"minecraft:dirt":32,"minecraft:cobweb":3,"minecraft:stone":149,"minecraft:gold_ore":1,"minecraft:deepslate":29},"minecraft:broken":{"minecraft:stone_pickaxe":1},"minecraft:picked_up":{"minecraft:pink_petals":252,"minecraft:crafting_table":7,"minecraft:cooked_beef":3,"minecraft:chicken":4,"minecraft:leather":7,"minecraft:wooden_pickaxe":2,"minecraft:tuff":4,"minecraft:oak_log":57,"minecraft:netherite_leggings":1,"minecraft:lapis_lazuli":26,"minecraft:dirt":69,"minecraft:string":8,"minecraft:bone":5,"minecraft:wheat_seeds":15,"minecraft:cobbled_deepslate":27,"minecraft:raw_gold":20,"minecraft:bucket":1,"minecraft:beef":7,"minecraft:stone_pickaxe":1,"minecraft:cooked_chicken":1,"minecraft:iron_pickaxe":1,"minecraft:chest":1,"minecraft:oak_planks":27,"minecraft:furnace":7,"minecraft:book":1,"minecraft:stick":2,"minecraft:raw_iron":71,"minecraft:stone":64,"minecraft:torch":2,"minecraft:gravel":1,"minecraft:porkchop":13,"minecraft:cherry_log":22,"minecraft:redstone":31,"minecraft:arrow":7,"minecraft:rotten_flesh":6,"minecraft:diamond":5,"minecraft:stone_axe":1,"minecraft:cherry_sapling":3,"minecraft:gray_wool":1,"minecraft:gold_ingot":4,"minecraft:oak_sapling":7,"minecraft:mutton":31,"minecraft:coal":63,"minecraft:white_wool":16,"minecraft:cobblestone":190},"minecraft:crafted":{"minecraft:oak_planks":156,"minecraft:cooked_porkchop":9,"minecraft:crafting_table":2,"minecraft:cooked_chicken":4,"minecraft:wooden_pickaxe":2,"minecraft:iron_helmet":1,"minecraft:iron_sword":1,"minecraft:furnace":3,"minecraft:stone_axe":2,"minecraft:cooked_mutton":26,"minecraft:air":0,"minecraft:iron_boots":1,"minecraft:iron_chestplate":1,"minecraft:shield":1,"minecraft:iron_axe":2,"minecraft:stick":52,"minecraft:iron_ingot":71,"minecraft:iron_pickaxe":2,"minecraft:stone_pickaxe":2,"minecraft:iron_shovel":1,"minecraft:stone_sword":1,"minecraft:chest":2,"minecraft:iron_leggings":1,"minecraft:white_bed":2,"minecraft:torch":100},"minecraft:killed":{"minecraft:pig":5,"minecraft:spider":3,"minecraft:wandering_trader":1,"minecraft:sheep":18,"minecraft:skeleton":6,"minecraft:trader_llama":1,"minecraft:zombie":9,"minecraft:chicken":5,"minecraft:cow":4},"minecraft:used":{"minecraft:cooked_mutton":14,"minecraft:stone_sword":5,"minecraft:iron_shovel":91,"minecraft:stone_pickaxe":139,"minecraft:oak_planks":35,"minecraft:chest":3,"minecraft:wooden_pickaxe":40,"minecraft:shield":10,"minecraft:iron_sword":98,"minecraft:cooked_chicken":1,"minecraft:torch":106,"minecraft:dirt":19,"minecraft:crafting_table":7,"minecraft:white_bed":1,"minecraft:tuff":1,"minecraft:iron_axe":46,"minecraft:bread":3,"minecraft:iron_pickaxe":185,"minecraft:gravel":1,"minecraft:stone_axe":84,"minecraft:cobblestone":88,"minecraft:furnace":9,"minecraft:cooked_porkchop":3,"minecraft:cooked_beef":3,"minecraft:cherry_log":6}},"DataVersion":3463}