{"stats":{"minecraft:killed":{"minecraft:spider":3,"minecraft:cod":5,"minecraft:skeleton":13,"minecraft:horse":1,"minecraft:chicken":23,"minecraft:drowned":1,"minecraft:pig":6,"minecraft:salmon":1,"minecraft:wandering_trader":1,"minecraft:creeper":1,"minecraft:sheep":19,"minecraft:trader_llama":1,"minecraft:zombie":27,"minecraft:cow":18},"minecraft:mined":{"minecraft:dark_oak_planks":7,"minecraft:tuff":1,"minecraft:white_bed":1,"minecraft:deepslate_diamond_ore":7,"minecraft:oak_door":2,"minecraft:sculk_vein":1,"minecraft:cherry_log":28,"minecraft:dark_oak_fence":6,"minecraft:grass_block":906,"minecraft:jungle_log":2,"minecraft:composter":3,"minecraft:hay_block":23,"minecraft:sculk_catalyst":1,"minecraft:furnace":13,"minecraft:iron_ore":79,"minecraft:cobbled_deepslate":7,"minecraft:andesite":1,"minecraft:deepslate_lapis_ore":4,"minecraft:azure_bluet":2,"minecraft:polished_deepslate":5,"minecraft:sculk_shrieker":1,"minecraft:pointed_dripstone":1,"minecraft:vine":1,"minecraft:deepslate_iron_ore":63,"minecraft:dirt_path":3,"minecraft:stone":962,"minecraft:cherry_stairs":45,"minecraft:deepslate_redstone_ore":23,"minecraft:kelp_plant":3,"minecraft:dandelion":4,"minecraft:clay":2,"minecraft:crafting_table":11,"minecraft:torch":3,"minecraft:blast_furnace":1,"minecraft:poppy":1,"minecraft:chest":5,"minecraft:glass":2,"minecraft:copper_ore":6,"minecraft:tall_grass":23,"minecraft:cobblestone":358,"minecraft:lapis_ore":4,"minecraft:deepslate_gold_ore":27,"minecraft:sugar_cane":16,"minecraft:oak_planks":100,"minecraft:sculk":21,"minecraft:wall_torch":6,"minecraft:pink_petals":117,"minecraft:birch_planks":4,"minecraft:birch_log":12,"minecraft:birch_leaves":18,"minecraft:grass":133,"minecraft:coal_ore":166,"minecraft:oak_log":57,"minecraft:dripstone_block":3,"minecraft:sunflower":3,"minecraft:gravel":2,"minecraft:sand":377,"minecraft:dirt":508,"minecraft:cobweb":3,"minecraft:gold_ore":1,"minecraft:oak_leaves":1,"minecraft:deepslate":635,"minecraft:fern":1},"minecraft:custom":{"minecraft:mob_kills":122,"minecraft:interact_with_crafting_table":77,"minecraft:leave_game":5,"minecraft:time_since_death":78494,"minecraft:climb_one_cm":1158,"minecraft:sprint_one_cm":911649,"minecraft:walk_one_cm":1534606,"minecraft:damage_blocked_by_shield":1725,"minecraft:drop":74,"minecraft:talked_to_villager":1,"minecraft:play_time":374198,"minecraft:deaths":3,"minecraft:sneak_time":3475,"minecraft:walk_under_water_one_cm":40152,"minecraft:boat_one_cm":101250,"minecraft:jump":4611,"minecraft:interact_with_blast_furnace":5,"minecraft:walk_on_water_one_cm":41292,"minecraft:total_world_time":374198,"minecraft:interact_with_furnace":162,"minecraft:interact_with_cartography_table":1,"minecraft:sleep_in_bed":13,"minecraft:time_since_rest":78568,"minecraft:damage_taken":4015,"minecraft:damage_dealt":13928,"minecraft:swim_one_cm":77223,"minecraft:fly_one_cm":857115,"minecraft:player_kills":1,"minecraft:open_chest":205,"minecraft:crouch_one_cm":10260,"minecraft:fall_one_cm":116985},"minecraft:dropped":{"minecraft:porkchop":4,"minecraft:wheat_seeds":5,"minecraft:cooked_beef":14,"minecraft:oak_log":197,"minecraft:glow_ink_sac":2,"minecraft:diamond":64,"minecraft:crafting_table":1,"minecraft:dripstone_block":3,"minecraft:cooked_porkchop":3,"minecraft:cobblestone":256,"minecraft:book":1,"minecraft:leather":3,"minecraft:jungle_planks":7,"minecraft:dirt":19,"minecraft:dark_oak_log":2,"minecraft:mutton":5,"minecraft:sunflower":7,"minecraft:iron_axe":1,"minecraft:iron_pickaxe":1,"minecraft:iron_shovel":1,"minecraft:string":1,"minecraft:birch_log":2,"minecraft:dandelion":1,"minecraft:gravel":1,"minecraft:stone_axe":2,"minecraft:tuff":1,"minecraft:pointed_dripstone":4,"minecraft:rotten_flesh":19,"minecraft:clay_ball":8,"minecraft:oak_planks":114,"minecraft:netherite_leggings":1,"minecraft:stone":64,"minecraft:diamond_pickaxe":1,"minecraft:oak_sapling":4,"minecraft:spruce_log":2,"minecraft:wooden_pickaxe":2,"minecraft:stone_pickaxe":1,"minecraft:egg":1},"minecraft:used":{"minecraft:stone_sword":5,"minecraft:iron_shovel":1787,"minecraft:polished_deepslate":5,"minecraft:chest":11,"minecraft:shield":22,"minecraft:iron_sword":296,"minecraft:cooked_chicken":15,"minecraft:oak_door":2,"minecraft:torch":209,"minecraft:dirt":305,"minecraft:jungle_planks":1,"minecraft:tuff":1,"minecraft:glass":107,"minecraft:dark_oak_planks":37,"minecraft:iron_axe":268,"minecraft:furnace":15,"minecraft:cooked_cod":5,"minecraft:cooked_beef":9,"minecraft:cobbled_deepslate":45,"minecraft:cherry_log":6,"minecraft:cooked_mutton":18,"minecraft:water_bucket":2,"minecraft:birch_planks":354,"minecraft:stone_pickaxe":139,"minecraft:oak_planks":104,"minecraft:wooden_pickaxe":40,"minecraft:birch_boat":3,"minecraft:composter":2,"minecraft:deepslate_bricks":4,"minecraft:white_wool":1,"minecraft:crafting_table":12,"minecraft:blast_furnace":1,"minecraft:white_bed":2,"minecraft:diamond_pickaxe":625,"minecraft:bread":3,"minecraft:iron_pickaxe":1608,"minecraft:deepslate":2,"minecraft:gravel":1,"minecraft:stone_axe":84,"minecraft:pink_petals":5,"minecraft:cherry_stairs":45,"minecraft:cobblestone":966,"minecraft:cooked_porkchop":12,"minecraft:dark_oak_fence":70,"minecraft:bucket":3,"minecraft:birch_log":7,"minecraft:birch_stairs":36},"minecraft:broken":{"minecraft:iron_shovel":5,"minecraft:stone_pickaxe":1,"minecraft:iron_sword":1,"minecraft:iron_pickaxe":6},"minecraft:picked_up":{"minecraft:crafting_table":14,"minecraft:iron_chestplate":2,"minecraft:azure_bluet":1,"minecraft:chicken":24,"minecraft:clay_ball":8,"minecraft:wooden_pickaxe":2,"minecraft:shield":2,"minecraft:cornflower":1,"minecraft:polished_deepslate":5,"minecraft:string":8,"minecraft:iron_axe":3,"minecraft:raw_copper":44,"minecraft:iron_leggings":2,"minecraft:iron_shovel":3,"minecraft:cobbled_deepslate":639,"minecraft:bucket":2,"minecraft:beef":38,"minecraft:poppy":1,"minecraft:iron_pickaxe":3,"minecraft:sugar_cane":46,"minecraft:chest":5,"minecraft:birch_sapling":2,"minecraft:furnace":14,"minecraft:iron_boots":2,"minecraft:egg":2,"minecraft:stick":18,"minecraft:raw_iron":155,"minecraft:stone":64,"minecraft:cherry_stairs":45,"minecraft:oak_door":2,"minecraft:composter":4,"minecraft:torch":43,"minecraft:porkchop":16,"minecraft:cherry_log":50,"minecraft:pointed_dripstone":4,"minecraft:redstone":101,"minecraft:dark_oak_planks":7,"minecraft:rotten_flesh":29,"minecraft:arrow":10,"minecraft:hay_block":46,"minecraft:gold_ingot":4,"minecraft:mutton":32,"minecraft:cod":5,"minecraft:white_wool":24,"minecraft:cobblestone":1398,"minecraft:birch_log":211,"minecraft:pink_petals":751,"minecraft:feather":20,"minecraft:cooked_beef":21,"minecraft:salmon":2,"minecraft:glow_ink_sac":6,"minecraft:andesite":1,"minecraft:jungle_log":2,"minecraft:leather":27,"minecraft:birch_planks":196,"minecraft:tuff":5,"minecraft:oak_log":254,"minecraft:lapis_lazuli":69,"minecraft:netherite_leggings":1,"minecraft:dirt":1360,"minecraft:cooked_mutton":1,"minecraft:bone":19,"minecraft:wheat_seeds":47,"minecraft:raw_gold":28,"minecraft:stone_pickaxe":1,"minecraft:iron_ingot":9,"minecraft:cooked_chicken":3,"minecraft:oak_planks":235,"minecraft:iron_sword":2,"minecraft:book":1,"minecraft:cooked_porkchop":4,"minecraft:birch_boat":3,"minecraft:dandelion":6,"minecraft:dripstone_block":3,"minecraft:gravel":2,"minecraft:sand":685,"minecraft:blast_furnace":2,"minecraft:white_bed":1,"minecraft:spruce_log":2,"minecraft:dark_oak_log":66,"minecraft:diamond":7,"minecraft:stone_axe":1,"minecraft:iron_helmet":2,"minecraft:cherry_sapling":6,"minecraft:gray_wool":1,"minecraft:emerald":1,"minecraft:oak_sapling":7,"minecraft:diamond_pickaxe":1,"minecraft:dark_oak_fence":6,"minecraft:coal":296,"minecraft:sunflower":17},"minecraft:crafted":{"minecraft:cherry_planks":88,"minecraft:oak_door":3,"minecraft:oak_planks":156,"minecraft:birch_boat":1,"minecraft:cooked_chicken":20,"minecraft:furnace":4,"minecraft:cooked_mutton":26,"minecraft:glass":182,"minecraft:dark_oak_fence":72,"minecraft:iron_boots":1,"minecraft:polished_deepslate":4,"minecraft:iron_axe":3,"minecraft:cherry_stairs":40,"minecraft:stone_pickaxe":2,"minecraft:chest":6,"minecraft:dark_oak_planks":256,"minecraft:cooked_beef":26,"minecraft:cooked_cod":5,"minecraft:deepslate":2,"minecraft:cooked_porkchop":12,"minecraft:crafting_table":3,"minecraft:wooden_pickaxe":2,"minecraft:iron_helmet":1,"minecraft:iron_sword":2,"minecraft:birch_planks":512,"minecraft:stone_axe":2,"minecraft:air":0,"minecraft:jungle_planks":8,"minecraft:iron_chestplate":1,"minecraft:diamond_pickaxe":1,"minecraft:shield":1,"minecraft:stick":148,"minecraft:iron_ingot":159,"minecraft:iron_pickaxe":7,"minecraft:stone_sword":1,"minecraft:iron_shovel":9,"minecraft:iron_leggings":1,"minecraft:white_bed":2,"minecraft:deepslate_bricks":4,"minecraft:torch":192,"minecraft:birch_stairs":40},"minecraft:killed_by":{"minecraft:creeper":1,"minecraft:skeleton":2}},"DataVersion":3463}